source,target,distance
6,10,0.99032
6,21,0.12569
6,29,0.11159
6,42,0.83317
6,46,1.3275
6,58,0.29298
6,60,0.32372
6,62,0.30747
6,68,0.858
6,70,0.98106
6,78,0.17296
6,81,0.7284
6,82,0.48252
6,92,0.46962
6,97,0.1415
6,109,0.41274
6,119,0.036706
6,120,0.92006
6,125,0.2132
6,126,0.78159
6,129,0.084324
6,132,1.0155
6,135,0.96249
6,136,1.0352
6,137,0.23622
6,141,0.8841
6,144,1.7231
6,147,3.0347
6,151,0.31309
6,159,2.1488
6,160,0.39023
6,161,0.010055
6,164,0.66793
6,165,0.31709
6,172,1.2842
6,174,0.22543
6,180,0.66385
6,186,0.22494
6,190,0.31704
6,194,0.029604
6,204,0.37098
6,208,0.72635
6,215,0.82433
6,216,0.012056
6,217,0.1327
6,220,1.0714
6,226,0.94252
6,230,0.93763
6,234,0.69213
6,241,0.32065
6,242,0.44661
6,246,0.23817
6,259,1.875
6,271,0.4556
6,273,0.47624
6,274,0.082385
6,279,0.16288
6,281,0.61813
6,285,0.23092
6,287,0.016144
6,288,0.3356
6,296,0.59795
6,298,0.1148
6,306,0.66151
6,308,0.31247
6,313,0.28108
6,320,0.36142
6,331,0.51739
6,338,1.1103
6,343,0.7187
6,346,0.3517
6,348,0.33486
6,362,0.78527
6,372,1.0176
6,390,1.0287
6,393,0.46711
6,394,1.9409
6,400,1.0139
6,404,0.47594
6,407,0.52028
6,413,0.39265
6,415,1.0664
6,421,2.0726
6,425,0.62456
6,437,0.85855
6,442,0.1492
6,443,0.98175
6,453,1.7387
6,457,0.10271
6,472,0.14507
6,475,0.91511
6,476,1.8143
6,477,0.89491
6,490,0.58744
6,492,0.40414
6,493,1.1702
6,496,0.20382
6,497,0.36762
6,500,0.06717
10,21,1.116
10,29,0.87873
10,42,1.8235
10,46,0.33716
10,58,0.69734
10,60,1.314
10,62,0.68285
10,68,1.8483
10,70,0.009259
10,78,1.1633
10,81,0.26192
10,82,1.4728
10,92,0.5207
10,97,0.84883
10,109,1.4031
10,119,1.027
10,120,0.070265
10,125,0.77713
10,126,1.7719
10,129,0.906
10,132,2.0058
10,135,0.027831
10,136,0.044893
10,137,0.75411
10,141,1.8744
10,144,0.73277
10,147,2.0444
10,151,1.3034
10,159,1.1584
10,160,0.60009
10,161,1.0004
10,164,1.6583
10,165,1.3074
10,172,0.29388
10,174,1.2158
10,180,1.6542
10,186,1.2153
10,190,1.3074
10,194,0.96072
10,204,0.61934
10,208,0.26397
10,215,1.8146
10,216,1.0024
10,217,0.85762
10,220,0.081124
10,226,1.9328
10,230,0.052696
10,234,1.6825
10,241,1.311
10,242,0.54371
10,246,0.75215
10,259,0.88471
10,271,0.53472
10,273,0.51408
10,274,1.0727
10,279,0.82744
10,281,1.6085
10,285,0.75941
10,287,1.0065
10,288,0.65473
10,296,1.5883
10,298,0.87552
10,306,1.6518
10,308,0.67785
10,313,1.2714
10,320,1.3517
10,331,1.5077
10,338,0.11997
10,343,0.27163
10,346,1.342
10,348,1.3252
10,362,1.7756
10,372,2.0079
10,390,2.019
10,393,1.4574
10,394,0.95059
10,400,0.023596
10,404,1.4663
10,407,0.47004
10,413,1.383
10,415,0.07605
10,421,1.0823
10,425,0.36577
10,437,1.8489
10,442,1.1395
10,443,1.9721
10,453,0.74837
10,457,0.88761
10,472,0.84526
10,475,0.075217
10,476,0.82402
10,477,1.8852
10,490,1.5778
10,492,0.58619
10,493,0.17987
10,496,0.7865
10,497,0.6227
10,500,1.0575
21,29,0.23728
21,42,0.70748
21,46,1.4532
21,58,0.41868
21,60,0.19803
21,62,0.43316
21,68,0.73231
21,70,1.1068
21,78,0.047266
21,81,0.85409
21,82,0.35683
21,92,0.59531
21,97,0.26719
21,109,0.28705
21,119,0.088986
21,120,1.0457
21,125,0.33889
21,126,0.6559
21,129,0.21002
21,132,0.88979
21,135,1.0882
21,136,1.1609
21,137,0.36191
21,141,0.75841
21,144,1.8488
21,147,3.1604
21,151,0.18739
21,159,2.2745
21,160,0.51593
21,161,0.11564
21,164,0.54224
21,165,0.19139
21,172,1.4099
21,174,0.099738
21,180,0.53816
21,186,0.099248
21,190,0.19134
21,194,0.1553
21,204,0.49667
21,208,0.85205
21,215,0.69863
21,216,0.11364
21,217,0.2584
21,220,1.1971
21,226,0.81683
21,230,1.0633
21,234,0.56644
21,241,0.19496
21,242,0.5723
21,246,0.36386
21,259,2.0007
21,271,0.5813
21,273,0.60193
21,274,0.043307
21,279,0.28857
21,281,0.49244
21,285,0.35661
21,287,0.10955
21,288,0.46129
21,296,0.47226
21,298,0.24049
21,306,0.53582
21,308,0.43816
21,313,0.15539
21,320,0.23572
21,331,0.3917
21,338,1.236
21,343,0.84439
21,346,0.22601
21,348,0.20917
21,362,0.65958
21,372,0.8919
21,390,0.90303
21,393,0.34142
21,394,2.0666
21,400,1.1396
21,404,0.35024
21,407,0.64598
21,413,0.26696
21,415,1.1921
21,421,2.1983
21,425,0.75025
21,437,0.73286
21,442,0.023505
21,443,0.85606
21,453,1.8644
21,457,0.2284
21,472,0.27076
21,475,1.0408
21,476,1.94
21,477,0.76922
21,490,0.46174
21,492,0.52983
21,493,1.2959
21,496,0.32951
21,497,0.49331
21,500,0.058522
29,42,0.94476
29,46,1.2159
29,58,0.18139
29,60,0.43531
29,62,0.19588
29,68,0.96959
29,70,0.86947
29,78,0.28455
29,81,0.61681
29,82,0.59411
29,92,0.35803
29,97,0.029905
29,109,0.52433
29,119,0.1483
29,120,0.80847
29,125,0.1016
29,126,0.89318
29,129,0.027269
29,132,1.1271
29,135,0.8509
29,136,0.92362
29,137,0.12462
29,141,0.99569
29,144,1.6115
29,147,2.9231
29,151,0.42468
29,159,2.0372
29,160,0.27864
29,161,0.12165
29,164,0.77952
29,165,0.42868
29,172,1.1726
29,174,0.33702
29,180,0.77545
29,186,0.33653
29,190,0.42863
29,194,0.081988
29,204,0.25939
29,208,0.61476
29,215,0.93592
29,216,0.12365
29,217,0.021112
29,220,0.95985
29,226,1.0541
29,230,0.82603
29,234,0.80372
29,241,0.43224
29,242,0.33502
29,246,0.12658
29,259,1.7634
29,271,0.34401
29,273,0.36465
29,274,0.19398
29,279,0.051286
29,281,0.72972
29,285,0.11933
29,287,0.12774
29,288,0.224
29,296,0.70955
29,298,0.0032061
29,306,0.77311
29,308,0.20088
29,313,0.39268
29,320,0.47301
29,331,0.62899
29,338,0.9987
29,343,0.60711
29,346,0.46329
29,348,0.44646
29,362,0.89686
29,372,1.1292
29,390,1.1403
29,393,0.5787
29,394,1.8293
29,400,0.90233
29,404,0.58753
29,407,0.40869
29,413,0.50424
29,415,0.95478
29,421,1.961
29,425,0.51297
29,437,0.97015
29,442,0.26079
29,443,1.0933
29,453,1.6271
29,457,0.0088829
29,472,0.033474
29,475,0.80351
29,476,1.7028
29,477,1.0065
29,490,0.69903
29,492,0.29254
29,493,1.0586
29,496,0.09223
29,497,0.25603
29,500,0.17876
42,46,2.1607
42,58,1.1262
42,60,0.50945
42,62,1.1406
42,68,0.024829
42,70,1.8142
42,78,0.66021
42,81,1.5616
42,82,0.35065
42,92,1.3028
42,97,0.97467
42,109,0.42043
42,119,0.79647
42,120,1.7532
42,125,1.0464
42,126,0.051584
42,129,0.9175
42,132,0.18231
42,135,1.7957
42,136,1.8684
42,137,1.0694
42,141,0.050925
42,144,2.5563
42,147,3.8679
42,151,0.52009
42,159,2.9819
42,160,1.2234
42,161,0.82312
42,164,0.16524
42,165,0.51609
42,172,2.1174
42,174,0.60774
42,180,0.16932
42,186,0.60823
42,190,0.51613
42,194,0.86278
42,204,1.2042
42,208,1.5595
42,215,0.0088466
42,216,0.82112
42,217,0.96588
42,220,1.9046
42,226,0.10935
42,230,1.7708
42,234,0.14104
42,241,0.51252
42,242,1.2798
42,246,1.0713
42,259,2.7082
42,271,1.2888
42,273,1.3094
42,274,0.75079
42,279,0.99605
42,281,0.21504
42,285,1.0641
42,287,0.81703
42,288,1.1688
42,296,0.23522
42,298,0.94797
42,306,0.17166
42,308,1.1456
42,313,0.55209
42,320,0.47176
42,331,0.31578
42,338,1.9435
42,343,1.5519
42,346,0.48147
42,348,0.49831
42,362,0.047901
42,372,0.18442
42,390,0.19555
42,393,0.36606
42,394,2.7741
42,400,1.8471
42,404,0.35724
42,407,1.3535
42,413,0.44052
42,415,1.8995
42,421,2.9058
42,425,1.4577
42,437,0.025382
42,442,0.68397
42,443,0.14858
42,453,2.5719
42,457,0.93588
42,472,0.97824
42,475,1.7483
42,476,2.6475
42,477,0.061736
42,490,0.24574
42,492,1.2373
42,493,2.0034
42,496,1.037
42,497,1.2008
42,500,0.766
46,58,1.0345
46,60,1.6512
46,62,1.02
46,68,2.1855
46,70,0.34642
46,78,1.5004
46,81,0.59908
46,82,1.81
46,92,0.85786
46,97,1.186
46,109,1.7402
46,119,1.3642
46,120,0.40742
46,125,1.1143
46,126,2.1091
46,129,1.2432
46,132,2.343
46,135,0.36499
46,136,0.29226
46,137,1.0913
46,141,2.2116
46,144,0.39561
46,147,1.7072
46,151,1.6406
46,159,0.82128
46,160,0.93725
46,161,1.3375
46,164,1.9954
46,165,1.6446
46,172,0.043276
46,174,1.5529
46,180,1.9913
46,186,1.5524
46,190,1.6445
46,194,1.2979
46,204,0.9565
46,208,0.60113
46,215,2.1518
46,216,1.3395
46,217,1.1948
46,220,0.25603
46,226,2.27
46,230,0.38985
46,234,2.0196
46,241,1.6481
46,242,0.88087
46,246,1.0893
46,259,0.54755
46,271,0.87188
46,273,0.85124
46,274,1.4099
46,279,1.1646
46,281,1.9456
46,285,1.0966
46,287,1.3436
46,288,0.99189
46,296,1.9254
46,298,1.2127
46,306,1.989
46,308,1.015
46,313,1.6086
46,320,1.6889
46,331,1.8449
46,338,0.21719
46,343,0.60878
46,346,1.6792
46,348,1.6623
46,362,2.1128
46,372,2.3451
46,390,2.3562
46,393,1.7946
46,394,0.61344
46,400,0.31356
46,404,1.8034
46,407,0.8072
46,413,1.7201
46,415,0.26111
46,421,0.74514
46,425,0.70292
46,437,2.186
46,442,1.4767
46,443,2.3092
46,453,0.41121
46,457,1.2248
46,472,1.1824
46,475,0.41238
46,476,0.48686
46,477,2.2224
46,490,1.9149
46,492,0.92335
46,493,0.15728
46,496,1.1237
46,497,0.95986
46,500,1.3947
58,60,0.6167
58,62,0.014487
58,68,1.151
58,70,0.68808
58,78,0.46594
58,81,0.43542
58,82,0.7755
58,92,0.17664
58,97,0.15149
58,109,0.70573
58,119,0.32969
58,120,0.62707
58,125,0.079789
58,126,1.0746
58,129,0.20866
58,132,1.3085
58,135,0.66951
58,136,0.74223
58,137,0.056769
58,141,1.1771
58,144,1.4301
58,147,2.7417
58,151,0.60607
58,159,1.8558
58,160,0.097251
58,161,0.30304
58,164,0.96091
58,165,0.61007
58,172,0.99122
58,174,0.51841
58,180,0.95684
58,186,0.51792
58,190,0.61002
58,194,0.26338
58,204,0.077996
58,208,0.43337
58,215,1.1173
58,216,0.30504
58,217,0.16028
58,220,0.77846
58,226,1.2355
58,230,0.64464
58,234,0.98511
58,241,0.61363
58,242,0.15363
58,246,0.054814
58,259,1.5821
58,271,0.16262
58,273,0.18326
58,274,0.37537
58,279,0.13011
58,281,0.91111
58,285,0.062066
58,287,0.30913
58,288,0.042612
58,296,0.89094
58,298,0.17819
58,306,0.9545
58,308,0.019487
58,313,0.57407
58,320,0.6544
58,331,0.81038
58,338,0.81731
58,343,0.42571
58,346,0.64468
58,348,0.62785
58,362,1.0783
58,372,1.3106
58,390,1.3217
58,393,0.7601
58,394,1.6479
58,400,0.72093
58,404,0.76892
58,407,0.2273
58,413,0.68563
58,415,0.77339
58,421,1.7796
58,425,0.33157
58,437,1.1515
58,442,0.44218
58,443,1.2747
58,453,1.4457
58,457,0.19027
58,472,0.14792
58,475,0.62212
58,476,1.5214
58,477,1.1879
58,490,0.88042
58,492,0.11115
58,493,0.87721
58,496,0.089162
58,497,0.074637
58,500,0.36015
60,62,0.63119
60,68,0.53428
60,70,1.3048
60,78,0.15076
60,81,1.0521
60,82,0.1588
60,92,0.79334
60,97,0.46522
60,109,0.089021
60,119,0.28701
60,120,1.2438
60,125,0.53692
60,126,0.45787
60,129,0.40804
60,132,0.69176
60,135,1.2862
60,136,1.3589
60,137,0.55994
60,141,0.56038
60,144,2.0468
60,147,3.3584
60,151,0.010634
60,159,2.4725
60,160,0.71396
60,161,0.31367
60,164,0.34421
60,165,0.0066335
60,172,1.6079
60,174,0.09829
60,180,0.34013
60,186,0.098781
60,190,0.0066833
60,194,0.35332
60,204,0.6947
60,208,1.0501
60,215,0.5006
60,216,0.31166
60,217,0.45642
60,220,1.3952
60,226,0.6188
60,230,1.2613
60,234,0.36841
60,241,0.003072
60,242,0.77033
60,246,0.56189
60,259,2.1988
60,271,0.77932
60,273,0.79996
60,274,0.24134
60,279,0.4866
60,281,0.29441
60,285,0.55464
60,287,0.30758
60,288,0.65932
60,296,0.27423
60,298,0.43852
60,306,0.33779
60,308,0.63619
60,313,0.042636
60,320,0.037695
60,331,0.19367
60,338,1.434
60,343,1.0424
60,346,0.027979
60,348,0.011143
60,362,0.46155
60,372,0.69387
60,390,0.705
60,393,0.14339
60,394,2.2646
60,400,1.3376
60,404,0.15222
60,407,0.844
60,413,0.06893
60,415,1.3901
60,421,2.3963
60,425,0.94828
60,437,0.53483
60,442,0.17452
60,443,0.65803
60,453,2.0624
60,457,0.42643
60,472,0.46879
60,475,1.2388
60,476,2.1381
60,477,0.57119
60,490,0.26372
60,492,0.72786
60,493,1.4939
60,496,0.52754
60,497,0.69134
60,500,0.25655
62,68,1.1655
62,70,0.67359
62,78,0.48043
62,81,0.42093
62,82,0.78999
62,92,0.16215
62,97,0.16597
62,109,0.72021
62,119,0.34418
62,120,0.61259
62,125,0.094276
62,126,1.0891
62,129,0.22315
62,132,1.323
62,135,0.65502
62,136,0.72775
62,137,0.071256
62,141,1.1916
62,144,1.4156
62,147,2.7272
62,151,0.62056
62,159,1.8413
62,160,0.082764
62,161,0.31753
62,164,0.9754
62,165,0.62456
62,172,0.97673
62,174,0.5329
62,180,0.97133
62,186,0.53241
62,190,0.62451
62,194,0.27787
62,204,0.063509
62,208,0.41888
62,215,1.1318
62,216,0.31953
62,217,0.17477
62,220,0.76398
62,226,1.25
62,230,0.63016
62,234,0.9996
62,241,0.62812
62,242,0.13914
62,246,0.069301
62,259,1.5676
62,271,0.14813
62,273,0.16877
62,274,0.38986
62,279,0.14459
62,281,0.9256
62,285,0.076553
62,287,0.32362
62,288,0.028124
62,296,0.90543
62,298,0.19267
62,306,0.96898
62,308,0.0049997
62,313,0.58856
62,320,0.66889
62,331,0.82487
62,338,0.80282
62,343,0.41123
62,346,0.65917
62,348,0.64233
62,362,1.0927
62,372,1.3251
62,390,1.3362
62,393,0.77458
62,394,1.6334
62,400,0.70645
62,404,0.78341
62,407,0.21281
62,413,0.70012
62,415,0.7589
62,421,1.7651
62,425,0.31709
62,437,1.166
62,442,0.45667
62,443,1.2892
62,453,1.4312
62,457,0.20476
62,472,0.1624
62,475,0.60763
62,476,1.5069
62,477,1.2024
62,490,0.89491
62,492,0.096665
62,493,0.86273
62,496,0.10365
62,497,0.06015
62,500,0.37464
68,70,1.8391
68,78,0.68504
68,81,1.5864
68,82,0.37548
68,92,1.3276
68,97,0.9995
68,109,0.44526
68,119,0.82129
68,120,1.7781
68,125,1.0712
68,126,0.076413
68,129,0.94232
68,132,0.15748
68,135,1.8205
68,136,1.8932
68,137,1.0942
68,141,0.026097
68,144,2.5811
68,147,3.8927
68,151,0.54491
68,159,3.0068
68,160,1.2482
68,161,0.84795
68,164,0.19007
68,165,0.54091
68,172,2.1422
68,174,0.63257
68,180,0.19415
68,186,0.63306
68,190,0.54096
68,194,0.88761
68,204,1.229
68,208,1.5844
68,215,0.033675
68,216,0.84594
68,217,0.9907
68,220,1.9294
68,226,0.08452
68,230,1.7956
68,234,0.16587
68,241,0.53735
68,242,1.3046
68,246,1.0962
68,259,2.733
68,271,1.3136
68,273,1.3342
68,274,0.77562
68,279,1.0209
68,281,0.23987
68,285,1.0889
68,287,0.84186
68,288,1.1936
68,296,0.26005
68,298,0.9728
68,306,0.19649
68,308,1.1705
68,313,0.57692
68,320,0.49659
68,331,0.34061
68,338,1.9683
68,343,1.5767
68,346,0.5063
68,348,0.52314
68,362,0.07273
68,372,0.15959
68,390,0.17072
68,393,0.39089
68,394,2.7989
68,400,1.8719
68,404,0.38207
68,407,1.3783
68,413,0.46535
68,415,1.9244
68,421,2.9306
68,425,1.4826
68,437,0.00055312
68,442,0.7088
68,443,0.12375
68,453,2.5967
68,457,0.96071
68,472,1.0031
68,475,1.7731
68,476,2.6723
68,477,0.036907
68,490,0.27057
68,492,1.2621
68,493,2.0282
68,496,1.0618
68,497,1.2256
68,500,0.79083
70,78,1.154
70,81,0.25266
70,82,1.4636
70,92,0.51144
70,97,0.83957
70,109,1.3938
70,119,1.0178
70,120,0.061006
70,125,0.76787
70,126,1.7627
70,129,0.89674
70,132,1.9965
70,135,0.018572
70,136,0.054152
70,137,0.74485
70,141,1.8652
70,144,0.74203
70,147,2.0536
70,151,1.2942
70,159,1.1677
70,160,0.59083
70,161,0.99112
70,164,1.649
70,165,1.2982
70,172,0.30314
70,174,1.2065
70,180,1.6449
70,186,1.206
70,190,1.2981
70,194,0.95146
70,204,0.61008
70,208,0.25471
70,215,1.8054
70,216,0.99312
70,217,0.84836
70,220,0.090383
70,226,1.9236
70,230,0.043437
70,234,1.6732
70,241,1.3017
70,242,0.53445
70,246,0.74289
70,259,0.89397
70,271,0.52546
70,273,0.50482
70,274,1.0634
70,279,0.81819
70,281,1.5992
70,285,0.75015
70,287,0.99721
70,288,0.64547
70,296,1.579
70,298,0.86627
70,306,1.6426
70,308,0.66859
70,313,1.2621
70,320,1.3425
70,331,1.4985
70,338,0.12923
70,343,0.26237
70,346,1.3328
70,348,1.3159
70,362,1.7663
70,372,1.9987
70,390,2.0098
70,393,1.4482
70,394,0.95985
70,400,0.032855
70,404,1.457
70,407,0.46078
70,413,1.3737
70,415,0.085309
70,421,1.0916
70,425,0.35651
70,437,1.8396
70,442,1.1303
70,443,1.9628
70,453,0.75763
70,457,0.87835
70,472,0.836
70,475,0.065958
70,476,0.83328
70,477,1.876
70,490,1.5685
70,492,0.57693
70,493,0.18913
70,496,0.77724
70,497,0.61344
70,500,1.0482
78,81,0.90136
78,82,0.30956
78,92,0.64258
78,97,0.31446
78,109,0.23978
78,119,0.13625
78,120,1.093
78,125,0.38615
78,126,0.60863
78,129,0.25728
78,132,0.84252
78,135,1.1355
78,136,1.2082
78,137,0.40917
78,141,0.71114
78,144,1.8961
78,147,3.2077
78,151,0.14013
78,159,2.3217
78,160,0.56319
78,161,0.1629
78,164,0.49497
78,165,0.14413
78,172,1.4572
78,174,0.052472
78,180,0.4909
78,186,0.051982
78,190,0.14408
78,194,0.20256
78,204,0.54394
78,208,0.89931
78,215,0.65137
78,216,0.1609
78,217,0.30566
78,220,1.2444
78,226,0.76956
78,230,1.1106
78,234,0.51917
78,241,0.14769
78,242,0.61957
78,246,0.41113
78,259,2.048
78,271,0.62856
78,273,0.6492
78,274,0.090573
78,279,0.33584
78,281,0.44517
78,285,0.40388
78,287,0.15681
78,288,0.50855
78,296,0.425
78,298,0.28776
78,306,0.48856
78,308,0.48543
78,313,0.10813
78,320,0.18846
78,331,0.34444
78,338,1.2833
78,343,0.89166
78,346,0.17874
78,348,0.1619
78,362,0.61231
78,372,0.84463
78,390,0.85576
78,393,0.29415
78,394,2.1139
78,400,1.1869
78,404,0.30298
78,407,0.69324
78,413,0.21969
78,415,1.2393
78,421,2.2456
78,425,0.79752
78,437,0.6856
78,442,0.023761
78,443,0.80879
78,453,1.9116
78,457,0.27567
78,472,0.31802
78,475,1.0881
78,476,1.9873
78,477,0.72195
78,490,0.41448
78,492,0.57709
78,493,1.3432
78,496,0.37678
78,497,0.54058
78,500,0.10579
81,82,1.2109
81,92,0.25878
81,97,0.5869
81,109,1.1411
81,119,0.76511
81,120,0.19166
81,125,0.5152
81,126,1.51
81,129,0.64408
81,132,1.7439
81,135,0.23409
81,136,0.30682
81,137,0.49218
81,141,1.6125
81,144,0.99469
81,147,2.3063
81,151,1.0415
81,159,1.4204
81,160,0.33816
81,161,0.73845
81,164,1.3963
81,165,1.0455
81,172,0.5558
81,174,0.95383
81,180,1.3923
81,186,0.95334
81,190,1.0454
81,194,0.6988
81,204,0.35742
81,208,0.0020459
81,215,1.5527
81,216,0.74046
81,217,0.5957
81,220,0.34305
81,226,1.6709
81,230,0.20923
81,234,1.4205
81,241,1.049
81,242,0.28179
81,246,0.49023
81,259,1.1466
81,271,0.2728
81,273,0.25216
81,274,0.81078
81,279,0.56552
81,281,1.3465
81,285,0.49748
81,287,0.74454
81,288,0.3928
81,296,1.3264
81,298,0.6136
81,306,1.3899
81,308,0.41593
81,313,1.0095
81,320,1.0898
81,331,1.2458
81,338,0.3819
81,343,0.0097018
81,346,1.0801
81,348,1.0633
81,362,1.5137
81,372,1.746
81,390,1.7571
81,393,1.1955
81,394,1.2125
81,400,0.28552
81,404,1.2043
81,407,0.20812
81,413,1.121
81,415,0.33797
81,421,1.3442
81,425,0.10384
81,437,1.587
81,442,0.8776
81,443,1.7102
81,453,1.0103
81,457,0.62569
81,472,0.58333
81,475,0.18671
81,476,1.0859
81,477,1.6233
81,490,1.3158
81,492,0.32426
81,493,0.4418
81,496,0.52458
81,497,0.36078
81,500,0.79557
82,92,0.95214
82,97,0.62402
82,109,0.069776
82,119,0.44581
82,120,1.4026
82,125,0.69571
82,126,0.29907
82,129,0.56684
82,132,0.53296
82,135,1.445
82,136,1.5177
82,137,0.71873
82,141,0.40158
82,144,2.2056
82,147,3.5172
82,151,0.16943
82,159,2.6313
82,160,0.87275
82,161,0.47246
82,164,0.18541
82,165,0.16543
82,172,1.7667
82,174,0.25709
82,180,0.18134
82,186,0.25758
82,190,0.16548
82,194,0.51212
82,204,0.8535
82,208,1.2089
82,215,0.34181
82,216,0.47046
82,217,0.61522
82,220,1.554
82,226,0.46
82,230,1.4201
82,234,0.20961
82,241,0.16187
82,242,0.92913
82,246,0.72069
82,259,2.3576
82,271,0.93812
82,273,0.95876
82,274,0.40013
82,279,0.6454
82,281,0.13561
82,285,0.71344
82,287,0.46637
82,288,0.81811
82,296,0.11544
82,298,0.59732
82,306,0.179
82,308,0.79499
82,313,0.20143
82,320,0.1211
82,331,0.034876
82,338,1.5928
82,343,1.2012
82,346,0.13082
82,348,0.14766
82,362,0.30275
82,372,0.53507
82,390,0.5462
82,393,0.015406
82,394,2.4234
82,400,1.4964
82,404,0.0065828
82,407,1.0028
82,413,0.089868
82,415,1.5489
82,421,2.5551
82,425,1.1071
82,437,0.37604
82,442,0.33332
82,443,0.49923
82,453,2.2212
82,457,0.58523
82,472,0.62758
82,475,1.3976
82,476,2.2969
82,477,0.41239
82,490,0.10492
82,492,0.88665
82,493,1.6527
82,496,0.68634
82,497,0.85014
82,500,0.41535
92,97,0.32812
92,109,0.88236
92,119,0.50633
92,120,0.45044
92,125,0.25643
92,126,1.2512
92,129,0.3853
92,132,1.4851
92,135,0.49287
92,136,0.5656
92,137,0.2334
92,141,1.3537
92,144,1.2535
92,147,2.5651
92,151,0.78271
92,159,1.6791
92,160,0.079385
92,161,0.47967
92,164,1.1375
92,165,0.78671
92,172,0.81458
92,174,0.69505
92,180,1.1335
92,186,0.69456
92,190,0.78666
92,194,0.44002
92,204,0.09864
92,208,0.25673
92,215,1.2939
92,216,0.48168
92,217,0.33692
92,220,0.60183
92,226,1.4121
92,230,0.46801
92,234,1.1617
92,241,0.79027
92,242,0.023008
92,246,0.23145
92,259,1.4054
92,271,0.014017
92,273,0.0066215
92,274,0.55201
92,279,0.30674
92,281,1.0877
92,285,0.2387
92,287,0.48576
92,288,0.13402
92,296,1.0676
92,298,0.35482
92,306,1.1311
92,308,0.15715
92,313,0.7507
92,320,0.83104
92,331,0.98701
92,338,0.64067
92,343,0.24908
92,346,0.82132
92,348,0.80448
92,362,1.2549
92,372,1.4872
92,390,1.4983
92,393,0.93673
92,394,1.4713
92,400,0.5443
92,404,0.94556
92,407,0.050664
92,413,0.86227
92,415,0.59675
92,421,1.603
92,425,0.15494
92,437,1.3282
92,442,0.61882
92,443,1.4514
92,453,1.2691
92,457,0.36691
92,472,0.32455
92,475,0.44549
92,476,1.3447
92,477,1.3645
92,490,1.0571
92,492,0.065484
92,493,0.70058
92,496,0.2658
92,497,0.102
92,500,0.53679
97,109,0.55424
97,119,0.1782
97,120,0.77856
97,125,0.071698
97,126,0.92308
97,129,0.057173
97,132,1.157
97,135,0.82099
97,136,0.89372
97,137,0.094718
97,141,1.0256
97,144,1.5816
97,147,2.8932
97,151,0.45458
97,159,2.0073
97,160,0.24874
97,161,0.15155
97,164,0.80943
97,165,0.45858
97,172,1.1427
97,174,0.36693
97,180,0.80535
97,186,0.36644
97,190,0.45853
97,194,0.11189
97,204,0.22948
97,208,0.58486
97,215,0.96582
97,216,0.15355
97,217,0.008793
97,220,0.92995
97,226,1.084
97,230,0.79613
97,234,0.83363
97,241,0.46215
97,242,0.30511
97,246,0.096673
97,259,1.7335
97,271,0.31411
97,273,0.33474
97,274,0.22388
97,279,0.021382
97,281,0.75963
97,285,0.089421
97,287,0.15764
97,288,0.1941
97,296,0.73945
97,298,0.026699
97,306,0.80301
97,308,0.17097
97,313,0.42258
97,320,0.50291
97,331,0.65889
97,338,0.9688
97,343,0.5772
97,346,0.4932
97,348,0.47636
97,362,0.92677
97,372,1.1591
97,390,1.1702
97,393,0.60861
97,394,1.7994
97,400,0.87242
97,404,0.61743
97,407,0.37879
97,413,0.53415
97,415,0.92488
97,421,1.9311
97,425,0.48306
97,437,1.0001
97,442,0.29069
97,443,1.1232
97,453,1.5972
97,457,0.038788
97,472,0.0035693
97,475,0.77361
97,476,1.6728
97,477,1.0364
97,490,0.72893
97,492,0.26264
97,493,1.0287
97,496,0.062325
97,497,0.22612
97,500,0.20867
109,119,0.37604
109,120,1.3328
109,125,0.62594
109,126,0.36885
109,129,0.49707
109,132,0.60274
109,135,1.3752
109,136,1.448
109,137,0.64896
109,141,0.47136
109,144,2.1358
109,147,3.4474
109,151,0.099655
109,159,2.5615
109,160,0.80298
109,161,0.40269
109,164,0.25519
109,165,0.095655
109,172,1.6969
109,174,0.18731
109,180,0.25111
109,186,0.1878
109,190,0.095705
109,194,0.44235
109,204,0.78372
109,208,1.1391
109,215,0.41158
109,216,0.40069
109,217,0.54545
109,220,1.4842
109,226,0.52978
109,230,1.3504
109,234,0.27939
109,241,0.092093
109,242,0.85935
109,246,0.65091
109,259,2.2878
109,271,0.86835
109,273,0.88898
109,274,0.33036
109,279,0.57562
109,281,0.20539
109,285,0.64366
109,287,0.3966
109,288,0.74834
109,296,0.18521
109,298,0.52754
109,306,0.24877
109,308,0.72521
109,313,0.13166
109,320,0.051327
109,331,0.10465
109,338,1.523
109,343,1.1314
109,346,0.061042
109,348,0.077879
109,362,0.37253
109,372,0.60485
109,390,0.61598
109,393,0.05437
109,394,2.3537
109,400,1.4267
109,404,0.063194
109,407,0.93303
109,413,0.020092
109,415,1.4791
109,421,2.4854
109,425,1.0373
109,437,0.44581
109,442,0.26354
109,443,0.56901
109,453,2.1514
109,457,0.51545
109,472,0.55781
109,475,1.3278
109,476,2.2271
109,477,0.48217
109,490,0.17469
109,492,0.81688
109,493,1.5829
109,496,0.61656
109,497,0.78036
109,500,0.34557
119,120,0.95676
119,125,0.2499
119,126,0.74488
119,129,0.12103
119,132,0.97877
119,135,0.9992
119,136,1.0719
119,137,0.27292
119,141,0.84739
119,144,1.7598
119,147,3.0714
119,151,0.27638
119,159,2.1855
119,160,0.42694
119,161,0.026652
119,164,0.63122
119,165,0.28038
119,172,1.3209
119,174,0.18872
119,180,0.62715
119,186,0.18823
119,190,0.28033
119,194,0.066311
119,204,0.40769
119,208,0.76306
119,215,0.78762
119,216,0.02465
119,217,0.16941
119,220,1.1082
119,226,0.90581
119,230,0.97433
119,234,0.65542
119,241,0.28394
119,242,0.48332
119,246,0.27488
119,259,1.9117
119,271,0.49231
119,273,0.51295
119,274,0.045679
119,279,0.19958
119,281,0.58142
119,285,0.26762
119,287,0.020562
119,288,0.3723
119,296,0.56125
119,298,0.1515
119,306,0.62481
119,308,0.34918
119,313,0.24438
119,320,0.32471
119,331,0.48069
119,338,1.147
119,343,0.7554
119,346,0.31499
119,348,0.29816
119,362,0.74856
119,372,0.98088
119,390,0.99201
119,393,0.43041
119,394,1.9776
119,400,1.0506
119,404,0.43923
119,407,0.55699
119,413,0.35594
119,415,1.1031
119,421,2.1093
119,425,0.66126
119,437,0.82185
119,442,0.11249
119,443,0.94505
119,453,1.7754
119,457,0.13942
119,472,0.18177
119,475,0.95181
119,476,1.8511
119,477,0.8582
119,490,0.55073
119,492,0.44084
119,493,1.2069
119,496,0.24053
119,497,0.40433
119,500,0.030464
120,125,0.70686
120,126,1.7016
120,129,0.83573
120,132,1.9355
120,135,0.042435
120,136,0.11516
120,137,0.68384
120,141,1.8042
120,144,0.80304
120,147,2.1146
120,151,1.2331
120,159,1.2287
120,160,0.52982
120,161,0.93011
120,164,1.588
120,165,1.2371
120,172,0.36415
120,174,1.1455
120,180,1.5839
120,186,1.145
120,190,1.2371
120,194,0.89045
120,204,0.54908
120,208,0.1937
120,215,1.7444
120,216,0.93211
120,217,0.78735
120,220,0.15139
120,226,1.8626
120,230,0.01757
120,234,1.6122
120,241,1.2407
120,242,0.47345
120,246,0.68189
120,259,0.95498
120,271,0.46445
120,273,0.44382
120,274,1.0024
120,279,0.75718
120,281,1.5382
120,285,0.68914
120,287,0.9362
120,288,0.58446
120,296,1.518
120,298,0.80526
120,306,1.5816
120,308,0.60759
120,313,1.2011
120,320,1.2815
120,331,1.4375
120,338,0.19024
120,343,0.20136
120,346,1.2718
120,348,1.2549
120,362,1.7053
120,372,1.9376
120,390,1.9488
120,393,1.3872
120,394,1.0209
120,400,0.093861
120,404,1.396
120,407,0.39977
120,413,1.3127
120,415,0.14632
120,421,1.1526
120,425,0.2955
120,437,1.7786
120,442,1.0693
120,443,1.9018
120,453,0.81863
120,457,0.81735
120,472,0.77499
120,475,0.0049518
120,476,0.89429
120,477,1.815
120,490,1.5075
120,492,0.51592
120,493,0.25014
120,496,0.71624
120,497,0.55244
120,500,0.98723
125,126,0.99478
125,129,0.12887
125,132,1.2287
125,135,0.7493
125,136,0.82202
125,137,0.02302
125,141,1.0973
125,144,1.5099
125,147,2.8215
125,151,0.52628
125,159,1.9356
125,160,0.17704
125,161,0.22325
125,164,0.88112
125,165,0.53028
125,172,1.071
125,174,0.43863
125,180,0.87705
125,186,0.43813
125,190,0.53023
125,194,0.18359
125,204,0.15779
125,208,0.51316
125,215,1.0375
125,216,0.22525
125,217,0.080491
125,220,0.85825
125,226,1.1557
125,230,0.72443
125,234,0.90532
125,241,0.53384
125,242,0.23342
125,246,0.024975
125,259,1.6618
125,271,0.24241
125,273,0.26305
125,274,0.29558
125,279,0.050316
125,281,0.83132
125,285,0.017723
125,287,0.22934
125,288,0.1224
125,296,0.81115
125,298,0.098396
125,306,0.87471
125,308,0.099276
125,313,0.49428
125,320,0.57461
125,331,0.73059
125,338,0.8971
125,343,0.5055
125,346,0.56489
125,348,0.54806
125,362,0.99847
125,372,1.2308
125,390,1.2419
125,393,0.68031
125,394,1.7277
125,400,0.80072
125,404,0.68913
125,407,0.30709
125,413,0.60585
125,415,0.85318
125,421,1.8594
125,425,0.41136
125,437,1.0717
125,442,0.36239
125,443,1.1949
125,453,1.5255
125,457,0.11049
125,472,0.068129
125,475,0.70191
125,476,1.6012
125,477,1.1081
125,490,0.80063
125,492,0.19094
125,493,0.957
125,496,0.009373
125,497,0.15443
125,500,0.28037
126,129,0.86591
126,132,0.23389
126,135,1.7441
126,136,1.8168
126,137,1.0178
126,141,0.10251
126,144,2.5047
126,147,3.8163
126,151,0.4685
126,159,2.9303
126,160,1.1718
126,161,0.77153
126,164,0.11366
126,165,0.4645
126,172,2.0658
126,174,0.55616
126,180,0.11773
126,186,0.55665
126,190,0.46455
126,194,0.81119
126,204,1.1526
126,208,1.5079
126,215,0.042738
126,216,0.76953
126,217,0.91429
126,220,1.853
126,226,0.16093
126,230,1.7192
126,234,0.089459
126,241,0.46094
126,242,1.2282
126,246,1.0198
126,259,2.6566
126,271,1.2372
126,273,1.2578
126,274,0.6992
126,279,0.94447
126,281,0.16346
126,285,1.0125
126,287,0.76544
126,288,1.1172
126,296,0.18363
126,298,0.89639
126,306,0.12007
126,308,1.0941
126,313,0.5005
126,320,0.42017
126,331,0.26419
126,338,1.8919
126,343,1.5003
126,346,0.42989
126,348,0.44672
126,362,0.0036831
126,372,0.236
126,390,0.24713
126,393,0.31448
126,394,2.7225
126,400,1.7955
126,404,0.30565
126,407,1.3019
126,413,0.38894
126,415,1.848
126,421,2.8542
126,425,1.4061
126,437,0.076966
126,442,0.63239
126,443,0.20016
126,453,2.5203
126,457,0.8843
126,472,0.92665
126,475,1.6967
126,476,2.5959
126,477,0.11332
126,490,0.19415
126,492,1.1857
126,493,1.9518
126,496,0.98541
126,497,1.1492
126,500,0.71442
129,132,1.0998
129,135,0.87817
129,136,0.95089
129,137,0.15189
129,141,0.96842
129,144,1.6388
129,147,2.9504
129,151,0.39741
129,159,2.0644
129,160,0.30591
129,161,0.094378
129,164,0.75225
129,165,0.40141
129,172,1.1999
129,174,0.30975
129,180,0.74818
129,186,0.30926
129,190,0.40136
129,194,0.054719
129,204,0.28666
129,208,0.64203
129,215,0.90865
129,216,0.09638
129,217,0.04838
129,220,0.98712
129,226,1.0268
129,230,0.8533
129,234,0.77645
129,241,0.40497
129,242,0.36229
129,246,0.15385
129,259,1.7907
129,271,0.37128
129,273,0.39192
129,274,0.16671
129,279,0.078555
129,281,0.70245
129,285,0.14659
129,287,0.10047
129,288,0.25127
129,296,0.68228
129,298,0.030475
129,306,0.74584
129,308,0.22815
129,313,0.36541
129,320,0.44574
129,331,0.60172
129,338,1.026
129,343,0.63437
129,346,0.43602
129,348,0.41919
129,362,0.86959
129,372,1.1019
129,390,1.113
129,393,0.55144
129,394,1.8566
129,400,0.92959
129,404,0.56026
129,407,0.43596
129,413,0.47697
129,415,0.98205
129,421,1.9883
129,425,0.54023
129,437,0.94288
129,442,0.23352
129,443,1.0661
129,453,1.6544
129,457,0.018386
129,472,0.060743
129,475,0.83078
129,476,1.73
129,477,0.97923
129,490,0.67176
129,492,0.31981
129,493,1.0859
129,496,0.1195
129,497,0.2833
129,500,0.15149
132,135,1.978
132,136,2.0507
132,137,1.2517
132,141,0.13138
132,144,2.7386
132,147,4.0502
132,151,0.70239
132,159,3.1642
132,160,1.4057
132,161,1.0054
132,164,0.34755
132,165,0.69839
132,172,2.2997
132,174,0.79005
132,180,0.35163
132,186,0.79054
132,190,0.69844
132,194,1.0451
132,204,1.3865
132,208,1.7418
132,215,0.19115
132,216,1.0034
132,217,1.1482
132,220,2.0869
132,226,0.072959
132,230,1.9531
132,234,0.32335
132,241,0.69483
132,242,1.4621
132,246,1.2537
132,259,2.8905
132,271,1.4711
132,273,1.4917
132,274,0.9331
132,279,1.1784
132,281,0.39735
132,285,1.2464
132,287,0.99934
132,288,1.3511
132,296,0.41753
132,298,1.1303
132,306,0.35397
132,308,1.328
132,313,0.7344
132,320,0.65407
132,331,0.49809
132,338,2.1258
132,343,1.7342
132,346,0.66378
132,348,0.68062
132,362,0.23021
132,372,0.0021084
132,390,0.01324
132,393,0.54837
132,394,2.9564
132,400,2.0294
132,404,0.53954
132,407,1.5358
132,413,0.62283
132,415,2.0819
132,421,3.0881
132,425,1.64
132,437,0.15693
132,442,0.86628
132,443,0.033728
132,453,2.7542
132,457,1.1182
132,472,1.1605
132,475,1.9306
132,476,2.8298
132,477,0.12057
132,490,0.42804
132,492,1.4196
132,493,2.1857
132,496,1.2193
132,497,1.3831
132,500,0.94831
135,136,0.072724
135,137,0.72628
135,141,1.8466
135,144,0.7606
135,147,2.0722
135,151,1.2756
135,159,1.1863
135,160,0.57226
135,161,0.97255
135,164,1.6304
135,165,1.2796
135,172,0.32171
135,174,1.1879
135,180,1.6263
135,186,1.1874
135,190,1.2795
135,194,0.93289
135,204,0.59151
135,208,0.23614
135,215,1.7868
135,216,0.97455
135,217,0.82979
135,220,0.10896
135,226,1.905
135,230,0.024865
135,234,1.6546
135,241,1.2831
135,242,0.51588
135,246,0.72432
135,259,0.91254
135,271,0.50689
135,273,0.48625
135,274,1.0449
135,279,0.79961
135,281,1.5806
135,285,0.73157
135,287,0.97864
135,288,0.6269
135,296,1.5604
135,298,0.84769
135,306,1.624
135,308,0.65002
135,313,1.2436
135,320,1.3239
135,331,1.4799
135,338,0.1478
135,343,0.24379
135,346,1.3142
135,348,1.2974
135,362,1.7478
135,372,1.9801
135,390,1.9912
135,393,1.4296
135,394,0.97842
135,400,0.051426
135,404,1.4384
135,407,0.44221
135,413,1.3551
135,415,0.10388
135,421,1.1101
135,425,0.33793
135,437,1.821
135,442,1.1117
135,443,1.9442
135,453,0.7762
135,457,0.85978
135,472,0.81743
135,475,0.047386
135,476,0.85185
135,477,1.8574
135,490,1.5499
135,492,0.55836
135,493,0.2077
135,496,0.75867
135,497,0.59487
135,500,1.0297
136,137,0.799
136,141,1.9193
136,144,0.68788
136,147,1.9995
136,151,1.3483
136,159,1.1135
136,160,0.64498
136,161,1.0453
136,164,1.7031
136,165,1.3523
136,172,0.24899
136,174,1.2606
136,180,1.6991
136,186,1.2602
136,190,1.3523
136,194,1.0056
136,204,0.66424
136,208,0.30886
136,215,1.8595
136,216,1.0473
136,217,0.90251
136,220,0.036231
136,226,1.9777
136,230,0.097589
136,234,1.7273
136,241,1.3559
136,242,0.5886
136,246,0.79705
136,259,0.83982
136,271,0.57961
136,273,0.55897
136,274,1.1176
136,279,0.87234
136,281,1.6533
136,285,0.8043
136,287,1.0514
136,288,0.69962
136,296,1.6332
136,298,0.92042
136,306,1.6967
136,308,0.72275
136,313,1.3163
136,320,1.3966
136,331,1.5526
136,338,0.075079
136,343,0.31652
136,346,1.3869
136,348,1.3701
136,362,1.8205
136,372,2.0528
136,390,2.0639
136,393,1.5023
136,394,0.9057
136,400,0.021298
136,404,1.5112
136,407,0.51493
136,413,1.4279
136,415,0.031157
136,421,1.0374
136,425,0.41066
136,437,1.8938
136,442,1.1844
136,443,2.017
136,453,0.70347
136,457,0.93251
136,472,0.89015
136,475,0.12011
136,476,0.77913
136,477,1.9301
136,490,1.6227
136,492,0.63108
136,493,0.13498
136,496,0.83139
136,497,0.6676
136,500,1.1024
137,141,1.1203
137,144,1.4869
137,147,2.7985
137,151,0.5493
137,159,1.9125
137,160,0.15402
137,161,0.24627
137,164,0.90414
137,165,0.5533
137,172,1.048
137,174,0.46165
137,180,0.90007
137,186,0.46116
137,190,0.55325
137,194,0.20661
137,204,0.13476
137,208,0.49014
137,215,1.0605
137,216,0.24827
137,217,0.10351
137,220,0.83523
137,226,1.1787
137,230,0.70141
137,234,0.92834
137,241,0.55686
137,242,0.2104
137,246,0.0019545
137,259,1.6388
137,271,0.21939
137,273,0.24003
137,274,0.3186
137,279,0.073337
137,281,0.85434
137,285,0.0052976
137,287,0.25236
137,288,0.09938
137,296,0.83417
137,298,0.12142
137,306,0.89773
137,308,0.076255
137,313,0.5173
137,320,0.59763
137,331,0.75361
137,338,0.87408
137,343,0.48248
137,346,0.58792
137,348,0.57108
137,362,1.0215
137,372,1.2538
137,390,1.2649
137,393,0.70333
137,394,1.7047
137,400,0.7777
137,404,0.71215
137,407,0.28407
137,413,0.62887
137,415,0.83016
137,421,1.8364
137,425,0.38834
137,437,1.0948
137,442,0.38541
137,443,1.218
137,453,1.5025
137,457,0.13351
137,472,0.091149
137,475,0.67889
137,476,1.5781
137,477,1.1311
137,490,0.82365
137,492,0.16792
137,493,0.93398
137,496,0.032393
137,497,0.13141
137,500,0.30339
141,144,2.6072
141,147,3.9188
141,151,0.57101
141,159,3.0329
141,160,1.2743
141,161,0.87404
141,164,0.21617
141,165,0.56701
141,172,2.1683
141,174,0.65867
141,180,0.22024
141,186,0.65916
141,190,0.56706
141,194,0.9137
141,204,1.2551
141,208,1.6105
141,215,0.059772
141,216,0.87204
141,217,1.0168
141,220,1.9555
141,226,0.058424
141,230,1.8217
141,234,0.19197
141,241,0.56345
141,242,1.3307
141,246,1.1223
141,259,2.7591
141,271,1.3397
141,273,1.3603
141,274,0.80171
141,279,1.047
141,281,0.26597
141,285,1.115
141,287,0.86795
141,288,1.2197
141,296,0.28614
141,298,0.9989
141,306,0.22258
141,308,1.1966
141,313,0.60301
141,320,0.52268
141,331,0.3667
141,338,1.9944
141,343,1.6028
141,346,0.5324
141,348,0.54923
141,362,0.098827
141,372,0.13349
141,390,0.14462
141,393,0.41699
141,394,2.825
141,400,1.898
141,404,0.40816
141,407,1.4044
141,413,0.49145
141,415,1.9505
141,421,2.9567
141,425,1.5087
141,437,0.025544
141,442,0.7349
141,443,0.097655
141,453,2.6228
141,457,0.98681
141,472,1.0292
141,475,1.7992
141,476,2.6984
141,477,0.01081
141,490,0.29666
141,492,1.2882
141,493,2.0543
141,496,1.0879
141,497,1.2517
141,500,0.81693
144,147,1.3116
144,151,2.0362
144,159,0.42567
144,160,1.3329
144,161,1.7331
144,164,2.391
144,165,2.0402
144,172,0.43889
144,174,1.9485
144,180,2.3869
144,186,1.948
144,190,2.0401
144,194,1.6935
144,204,1.3521
144,208,0.99674
144,215,2.5474
144,216,1.7351
144,217,1.5904
144,220,0.65165
144,226,2.6656
144,230,0.78547
144,234,2.4152
144,241,2.0437
144,242,1.2765
144,246,1.4849
144,259,0.15194
144,271,1.2675
144,273,1.2469
144,274,1.8055
144,279,1.5602
144,281,2.3412
144,285,1.4922
144,287,1.7392
144,288,1.3875
144,296,2.321
144,298,1.6083
144,306,2.3846
144,308,1.4106
144,313,2.0042
144,320,2.0845
144,331,2.2405
144,338,0.6128
144,343,1.0044
144,346,2.0748
144,348,2.058
144,362,2.5084
144,372,2.7407
144,390,2.7518
144,393,2.1902
144,394,0.21782
144,400,0.70917
144,404,2.199
144,407,1.2028
144,413,2.1157
144,415,0.65672
144,421,0.34953
144,425,1.0985
144,437,2.5816
144,442,1.8723
144,443,2.7048
144,453,0.015598
144,457,1.6204
144,472,1.578
144,475,0.80799
144,476,0.091253
144,477,2.618
144,490,2.3105
144,492,1.319
144,493,0.5529
144,496,1.5193
144,497,1.3555
144,500,1.7903
147,151,3.3478
147,159,0.88593
147,160,2.6445
147,161,3.0447
147,164,3.7026
147,165,3.3518
147,172,1.7505
147,174,3.2601
147,180,3.6985
147,186,3.2596
147,190,3.3517
147,194,3.0051
147,204,2.6637
147,208,2.3083
147,215,3.859
147,216,3.0467
147,217,2.902
147,220,1.9632
147,226,3.9772
147,230,2.0971
147,234,3.7268
147,241,3.3553
147,242,2.5881
147,246,2.7965
147,259,1.1597
147,271,2.5791
147,273,2.5585
147,274,3.1171
147,279,2.8718
147,281,3.6528
147,285,2.8038
147,287,3.0508
147,288,2.6991
147,296,3.6326
147,298,2.9199
147,306,3.6962
147,308,2.7222
147,313,3.3158
147,320,3.3961
147,331,3.5521
147,338,1.9244
147,343,2.316
147,346,3.3864
147,348,3.3696
147,362,3.82
147,372,4.0523
147,390,4.0634
147,393,3.5018
147,394,1.0938
147,400,2.0208
147,404,3.5106
147,407,2.5144
147,413,3.4273
147,415,1.9683
147,421,0.96207
147,425,2.4101
147,437,3.8932
147,442,3.1839
147,443,4.0164
147,453,1.296
147,457,2.932
147,472,2.8896
147,475,2.1196
147,476,1.2203
147,477,3.9296
147,490,3.6221
147,492,2.6306
147,493,1.8645
147,496,2.8309
147,497,2.6671
147,500,3.1019
151,159,2.4618
151,160,0.70332
151,161,0.30303
151,164,0.35484
151,165,0.004
151,172,1.5973
151,174,0.087657
151,180,0.35077
151,186,0.088147
151,190,0.0039502
151,194,0.34269
151,204,0.68407
151,208,1.0394
151,215,0.51124
151,216,0.30103
151,217,0.44579
151,220,1.3845
151,226,0.62943
151,230,1.2507
151,234,0.37904
151,241,0.0075616
151,242,0.7597
151,246,0.55126
151,259,2.1881
151,271,0.76869
151,273,0.78933
151,274,0.2307
151,279,0.47597
151,281,0.30504
151,285,0.544
151,287,0.29694
151,288,0.64868
151,296,0.28487
151,298,0.42789
151,306,0.34843
151,308,0.62556
151,313,0.032002
151,320,0.048328
151,331,0.20431
151,338,1.4234
151,343,1.0318
151,346,0.038613
151,348,0.021776
151,362,0.47218
151,372,0.7045
151,390,0.71563
151,393,0.15402
151,394,2.254
151,400,1.327
151,404,0.16285
151,407,0.83337
151,413,0.079563
151,415,1.3795
151,421,2.3857
151,425,0.93764
151,437,0.54547
151,442,0.16389
151,443,0.66867
151,453,2.0518
151,457,0.4158
151,472,0.45815
151,475,1.2282
151,476,2.1274
151,477,0.58182
151,490,0.27435
151,492,0.71722
151,493,1.4833
151,496,0.51691
151,497,0.68071
151,500,0.24592
159,160,1.7585
159,161,2.1588
159,164,2.8167
159,165,2.4658
159,172,0.86456
159,174,2.3742
159,180,2.8126
159,186,2.3737
159,190,2.4658
159,194,2.1192
159,204,1.7778
159,208,1.4224
159,215,2.9731
159,216,2.1608
159,217,2.0161
159,220,1.0773
159,226,3.0913
159,230,1.2111
159,234,2.8409
159,241,2.4694
159,242,1.7021
159,246,1.9106
159,259,0.27373
159,271,1.6932
159,273,1.6725
159,274,2.2311
159,279,1.9859
159,281,2.7669
159,285,1.9178
159,287,2.1649
159,288,1.8132
159,296,2.7467
159,298,2.034
159,306,2.8103
159,308,1.8363
159,313,2.4298
159,320,2.5102
159,331,2.6662
159,338,1.0385
159,343,1.4301
159,346,2.5005
159,348,2.4836
159,362,2.934
159,372,3.1663
159,390,3.1775
159,393,2.6159
159,394,0.20784
159,400,1.1348
159,404,2.6247
159,407,1.6285
159,413,2.5414
159,415,1.0824
159,421,0.076141
159,425,1.5242
159,437,3.0073
159,442,2.298
159,443,3.1305
159,453,0.41007
159,457,2.0461
159,472,2.0037
159,475,1.2337
159,476,0.33442
159,477,3.0437
159,490,2.7362
159,492,1.7446
159,493,0.97856
159,496,1.9449
159,497,1.7811
159,500,2.2159
160,161,0.40029
160,164,1.0582
160,165,0.70732
160,172,0.89397
160,174,0.61567
160,180,1.0541
160,186,0.61517
160,190,0.70727
160,194,0.36063
160,204,0.019255
160,208,0.33612
160,215,1.2146
160,216,0.40229
160,217,0.25753
160,220,0.68121
160,226,1.3328
160,230,0.54739
160,234,1.0824
160,241,0.71088
160,242,0.056377
160,246,0.15206
160,259,1.4848
160,271,0.065369
160,273,0.086007
160,274,0.47262
160,279,0.22736
160,281,1.0084
160,285,0.15932
160,287,0.40638
160,288,0.054639
160,296,0.98819
160,298,0.27544
160,306,1.0517
160,308,0.077764
160,313,0.67132
160,320,0.75165
160,331,0.90763
160,338,0.72006
160,343,0.32846
160,346,0.74193
160,348,0.7251
160,362,1.1755
160,372,1.4078
160,390,1.419
160,393,0.85735
160,394,1.5507
160,400,0.62368
160,404,0.86617
160,407,0.13005
160,413,0.78288
160,415,0.67614
160,421,1.6824
160,425,0.23432
160,437,1.2488
160,442,0.53943
160,443,1.372
160,453,1.3485
160,457,0.28753
160,472,0.24517
160,475,0.52487
160,476,1.4241
160,477,1.2851
160,490,0.97767
160,492,0.013901
160,493,0.77996
160,496,0.18641
160,497,0.022614
160,500,0.4574
161,164,0.65787
161,165,0.30703
161,172,1.2943
161,174,0.21538
161,180,0.6538
161,186,0.21489
161,190,0.30698
161,194,0.039659
161,204,0.38103
161,208,0.73641
161,215,0.81427
161,216,0.0020016
161,217,0.14276
161,220,1.0815
161,226,0.93247
161,230,0.94768
161,234,0.68207
161,241,0.31059
161,242,0.45667
161,246,0.24822
161,259,1.8851
161,271,0.46566
161,273,0.4863
161,274,0.07233
161,279,0.17293
161,281,0.60807
161,285,0.24097
161,287,0.0060895
161,288,0.34565
161,296,0.5879
161,298,0.12485
161,306,0.65146
161,308,0.32253
161,313,0.27103
161,320,0.35136
161,331,0.50734
161,338,1.1203
161,343,0.72875
161,346,0.34165
161,348,0.32481
161,362,0.77522
161,372,1.0075
161,390,1.0187
161,393,0.45706
161,394,1.951
161,400,1.024
161,404,0.46588
161,407,0.53034
161,413,0.3826
161,415,1.0764
161,421,2.0827
161,425,0.63461
161,437,0.8485
161,442,0.13914
161,443,0.9717
161,453,1.7487
161,457,0.11276
161,472,0.15512
161,475,0.92516
161,476,1.8244
161,477,0.88485
161,490,0.57738
161,492,0.41419
161,493,1.1803
161,496,0.21388
161,497,0.37768
161,500,0.057116
164,165,0.35084
164,172,1.9521
164,174,0.4425
164,180,0.0040751
164,186,0.44299
164,190,0.35089
164,194,0.69753
164,204,1.0389
164,208,1.3943
164,215,0.1564
164,216,0.65587
164,217,0.80063
164,220,1.7394
164,226,0.27459
164,230,1.6056
164,234,0.024199
164,241,0.34728
164,242,1.1145
164,246,0.9061
164,259,2.543
164,271,1.1235
164,273,1.1442
164,274,0.58554
164,279,0.83081
164,281,0.049801
164,285,0.89885
164,287,0.65179
164,288,1.0035
164,296,0.069975
164,298,0.78273
164,306,0.006416
164,308,0.9804
164,313,0.38684
164,320,0.30651
164,331,0.15054
164,338,1.7782
164,343,1.3866
164,346,0.31623
164,348,0.33307
164,362,0.11734
164,372,0.34966
164,390,0.36079
164,393,0.20082
164,394,2.6088
164,400,1.6818
164,404,0.19199
164,407,1.1882
164,413,0.27528
164,415,1.7343
164,421,2.7405
164,425,1.2925
164,437,0.19062
164,442,0.51873
164,443,0.31382
164,453,2.4066
164,457,0.77064
164,472,0.813
164,475,1.583
164,476,2.4823
164,477,0.22698
164,490,0.080494
164,492,1.0721
164,493,1.8381
164,496,0.87175
164,497,1.0356
164,500,0.60076
165,172,1.6013
165,174,0.091657
165,180,0.34677
165,186,0.092147
165,190,4.9801e-05
165,194,0.34669
165,204,0.68807
165,208,1.0434
165,215,0.50724
165,216,0.30503
165,217,0.44979
165,220,1.3885
165,226,0.62543
165,230,1.2547
165,234,0.37504
165,241,0.0035615
165,242,0.7637
165,246,0.55526
165,259,2.1921
165,271,0.77269
165,273,0.79333
165,274,0.2347
165,279,0.47997
165,281,0.30104
165,285,0.548
165,287,0.30094
165,288,0.65268
165,296,0.28087
165,298,0.43189
165,306,0.34443
165,308,0.62956
165,313,0.036002
165,320,0.044328
165,331,0.20031
165,338,1.4274
165,343,1.0358
165,346,0.034613
165,348,0.017776
165,362,0.46818
165,372,0.7005
165,390,0.71163
165,393,0.15002
165,394,2.258
165,400,1.331
165,404,0.15885
165,407,0.83737
165,413,0.075563
165,415,1.3835
165,421,2.3897
165,425,0.94164
165,437,0.54147
165,442,0.16789
165,443,0.66467
165,453,2.0558
165,457,0.4198
165,472,0.46215
165,475,1.2322
165,476,2.1314
165,477,0.57782
165,490,0.27035
165,492,0.72122
165,493,1.4873
165,496,0.52091
165,497,0.68471
165,500,0.24992
172,174,1.5096
172,180,1.9481
172,186,1.5091
172,190,1.6012
172,194,1.2546
172,204,0.91322
172,208,0.55785
172,215,2.1085
172,216,1.2963
172,217,1.1515
172,220,0.21276
172,226,2.2267
172,230,0.34658
172,234,1.9763
172,241,1.6049
172,242,0.83759
172,246,1.046
172,259,0.59083
172,271,0.8286
172,273,0.80796
172,274,1.3666
172,279,1.1213
172,281,1.9023
172,285,1.0533
172,287,1.3003
172,288,0.94861
172,296,1.8822
172,298,1.1694
172,306,1.9457
172,308,0.97173
172,313,1.5653
172,320,1.6456
172,331,1.8016
172,338,0.17391
172,343,0.56551
172,346,1.6359
172,348,1.6191
172,362,2.0695
172,372,2.3018
172,390,2.3129
172,393,1.7513
172,394,0.65671
172,400,0.27029
172,404,1.7601
172,407,0.76392
172,413,1.6769
172,415,0.21783
172,421,0.78842
172,425,0.65965
172,437,2.1428
172,442,1.4334
172,443,2.266
172,453,0.45449
172,457,1.1815
172,472,1.1391
172,475,0.3691
172,476,0.53014
172,477,2.1791
172,490,1.8716
172,492,0.88007
172,493,0.11401
172,496,1.0804
172,497,0.91658
172,500,1.3514
174,180,0.43842
174,186,0.00049069
174,190,0.091607
174,194,0.25503
174,204,0.59641
174,208,0.95178
174,215,0.59889
174,216,0.21337
174,217,0.35813
174,220,1.2969
174,226,0.71709
174,230,1.1631
174,234,0.4667
174,241,0.095218
174,242,0.67204
174,246,0.4636
174,259,2.1005
174,271,0.68103
174,273,0.70167
174,274,0.14305
174,279,0.38831
174,281,0.3927
174,285,0.45635
174,287,0.20929
174,288,0.56103
174,296,0.37252
174,298,0.34023
174,306,0.43608
174,308,0.5379
174,313,0.055654
174,320,0.13598
174,331,0.29196
174,338,1.3357
174,343,0.94413
174,346,0.12627
174,348,0.10943
174,362,0.55984
174,372,0.79216
174,390,0.80329
174,393,0.24168
174,394,2.1663
174,400,1.2393
174,404,0.25051
174,407,0.74571
174,413,0.16722
174,415,1.2918
174,421,2.2981
174,425,0.84999
174,437,0.63312
174,442,0.076233
174,443,0.75632
174,453,1.9641
174,457,0.32814
174,472,0.3705
174,475,1.1405
174,476,2.0398
174,477,0.66948
174,490,0.36201
174,492,0.62957
174,493,1.3956
174,496,0.42925
174,497,0.59305
174,500,0.15826
180,186,0.43891
180,190,0.34682
180,194,0.69346
180,204,1.0348
180,208,1.3902
180,215,0.16047
180,216,0.6518
180,217,0.79656
180,220,1.7353
180,226,0.27867
180,230,1.6015
180,234,0.028274
180,241,0.34321
180,242,1.1105
180,246,0.90202
180,259,2.5389
180,271,1.1195
180,273,1.1401
180,274,0.58147
180,279,0.82673
180,281,0.045726
180,285,0.89477
180,287,0.64771
180,288,0.99945
180,296,0.0659
180,298,0.77865
180,306,0.0023409
180,308,0.97633
180,313,0.38277
180,320,0.30244
180,331,0.14646
180,338,1.7741
180,343,1.3826
180,346,0.31215
180,348,0.32899
180,362,0.12142
180,372,0.35373
180,390,0.36487
180,393,0.19674
180,394,2.6048
180,400,1.6778
180,404,0.18792
180,407,1.1841
180,413,0.2712
180,415,1.7302
180,421,2.7365
180,425,1.2884
180,437,0.1947
180,442,0.51466
180,443,0.3179
180,453,2.4025
180,457,0.76656
180,472,0.80892
180,475,1.579
180,476,2.4782
180,477,0.23105
180,490,0.076419
180,492,1.068
180,493,1.8341
180,496,0.86768
180,497,1.0315
180,500,0.59668
186,190,0.092097
186,194,0.25454
186,204,0.59592
186,208,0.95129
186,215,0.59939
186,216,0.21288
186,217,0.35764
186,220,1.2964
186,226,0.71758
186,230,1.1626
186,234,0.46719
186,241,0.095709
186,242,0.67155
186,246,0.46311
186,259,2.1
186,271,0.68054
186,273,0.70118
186,274,0.14255
186,279,0.38782
186,281,0.39319
186,285,0.45586
186,287,0.2088
186,288,0.56054
186,296,0.37301
186,298,0.33974
186,306,0.43657
186,308,0.53741
186,313,0.056145
186,320,0.13648
186,331,0.29245
186,338,1.3352
186,343,0.94364
186,346,0.12676
186,348,0.10992
186,362,0.56033
186,372,0.79265
186,390,0.80378
186,393,0.24217
186,394,2.1659
186,400,1.2389
186,404,0.251
186,407,0.74522
186,413,0.16771
186,415,1.2913
186,421,2.2976
186,425,0.8495
186,437,0.63361
186,442,0.075742
186,443,0.75681
186,453,1.9636
186,457,0.32765
186,472,0.37001
186,475,1.14
186,476,2.0393
186,477,0.66997
186,490,0.3625
186,492,0.62908
186,493,1.3951
186,496,0.42876
186,497,0.59256
186,500,0.15777
190,194,0.34664
190,204,0.68802
190,208,1.0434
190,215,0.50729
190,216,0.30498
190,217,0.44974
190,220,1.3885
190,226,0.62548
190,230,1.2547
190,234,0.37509
190,241,0.0036113
190,242,0.76365
190,246,0.55521
190,259,2.1921
190,271,0.77264
190,273,0.79328
190,274,0.23465
190,279,0.47992
190,281,0.30109
190,285,0.54795
190,287,0.30089
190,288,0.65263
190,296,0.28092
190,298,0.43184
190,306,0.34448
190,308,0.62951
190,313,0.035953
190,320,0.044378
190,331,0.20036
190,338,1.4273
190,343,1.0357
190,346,0.034663
190,348,0.017826
190,362,0.46823
190,372,0.70055
190,390,0.71168
190,393,0.15007
190,394,2.258
190,400,1.331
190,404,0.1589
190,407,0.83732
190,413,0.075613
190,415,1.3834
190,421,2.3897
190,425,0.94159
190,437,0.54152
190,442,0.16784
190,443,0.66472
190,453,2.0557
190,457,0.41975
190,472,0.4621
190,475,1.2321
190,476,2.1314
190,477,0.57787
190,490,0.2704
190,492,0.72117
190,493,1.4872
190,496,0.52086
190,497,0.68466
190,500,0.24987
194,204,0.34138
194,208,0.69675
194,215,0.85393
194,216,0.041661
194,217,0.1031
194,220,1.0418
194,226,0.97213
194,230,0.90802
194,234,0.72173
194,241,0.35025
194,242,0.41701
194,246,0.20857
194,259,1.8454
194,271,0.426
194,273,0.44664
194,274,0.11199
194,279,0.13327
194,281,0.64773
194,285,0.20131
194,287,0.045749
194,288,0.30599
194,296,0.62756
194,298,0.085194
194,306,0.69112
194,308,0.28287
194,313,0.31069
194,320,0.39102
194,331,0.547
194,338,1.0807
194,343,0.68909
194,346,0.3813
194,348,0.36447
194,362,0.81488
194,372,1.0472
194,390,1.0583
194,393,0.49672
194,394,1.9113
194,400,0.98431
194,404,0.50554
194,407,0.49068
194,413,0.42225
194,415,1.0368
194,421,2.043
194,425,0.59495
194,437,0.88816
194,442,0.1788
194,443,1.0114
194,453,1.7091
194,457,0.073105
194,472,0.11546
194,475,0.8855
194,476,1.7847
194,477,0.92451
194,490,0.61704
194,492,0.37453
194,493,1.1406
194,496,0.17422
194,497,0.33802
194,500,0.096775
204,208,0.35537
204,215,1.1953
204,216,0.38304
204,217,0.23828
204,220,0.70047
204,226,1.3135
204,230,0.56665
204,234,1.0631
204,241,0.69163
204,242,0.075632
204,246,0.13281
204,259,1.5041
204,271,0.084623
204,273,0.10526
204,274,0.45337
204,279,0.2081
204,281,0.98911
204,285,0.14006
204,287,0.38712
204,288,0.035385
204,296,0.96893
204,298,0.25618
204,306,1.0325
204,308,0.058509
204,313,0.65206
204,320,0.7324
204,331,0.88837
204,338,0.73931
204,343,0.34772
204,346,0.72268
204,348,0.70584
204,362,1.1563
204,372,1.3886
204,390,1.3997
204,393,0.83809
204,394,1.5699
204,400,0.64294
204,404,0.84692
204,407,0.1493
204,413,0.76363
204,415,0.69539
204,421,1.7016
204,425,0.25358
204,437,1.2295
204,442,0.52018
204,443,1.3527
204,453,1.3677
204,457,0.26827
204,472,0.22591
204,475,0.54413
204,476,1.4434
204,477,1.2659
204,490,0.95842
204,492,0.033156
204,493,0.79922
204,496,0.16716
204,497,0.003359
204,500,0.43815
208,215,1.5507
208,216,0.73841
208,217,0.59365
208,220,0.34509
208,226,1.6689
208,230,0.21127
208,234,1.4185
208,241,1.047
208,242,0.27974
208,246,0.48818
208,259,1.1487
208,271,0.27075
208,273,0.25011
208,274,0.80874
208,279,0.56347
208,281,1.3445
208,285,0.49544
208,287,0.7425
208,288,0.39076
208,296,1.3243
208,298,0.61156
208,306,1.3879
208,308,0.41388
208,313,1.0074
208,320,1.0878
208,331,1.2437
208,338,0.38394
208,343,0.0076558
208,346,1.0781
208,348,1.0612
208,362,1.5116
208,372,1.7439
208,390,1.7551
208,393,1.1935
208,394,1.2146
208,400,0.28756
208,404,1.2023
208,407,0.20607
208,413,1.119
208,415,0.34002
208,421,1.3463
208,425,0.1018
208,437,1.5849
208,442,0.87555
208,443,1.7081
208,453,1.0123
208,457,0.62364
208,472,0.58129
208,475,0.18875
208,476,1.088
208,477,1.6213
208,490,1.3138
208,492,0.32222
208,493,0.44384
208,496,0.52253
208,497,0.35873
208,500,0.79352
215,216,0.81227
215,217,0.95703
215,220,1.8958
215,226,0.1182
215,230,1.762
215,234,0.1322
215,241,0.50368
215,242,1.2709
215,246,1.0625
215,259,2.6994
215,271,1.2799
215,273,1.3006
215,274,0.74194
215,279,0.9872
215,281,0.2062
215,285,1.0552
215,287,0.80818
215,288,1.1599
215,296,0.22637
215,298,0.93912
215,306,0.16281
215,308,1.1368
215,313,0.54324
215,320,0.46291
215,331,0.30693
215,338,1.9346
215,343,1.543
215,346,0.47263
215,348,0.48946
215,362,0.039055
215,372,0.19326
215,390,0.20439
215,393,0.35721
215,394,2.7652
215,400,1.8382
215,404,0.34839
215,407,1.3446
215,413,0.43168
215,415,1.8907
215,421,2.8969
215,425,1.4489
215,437,0.034228
215,442,0.67513
215,443,0.15743
215,453,2.563
215,457,0.92703
215,472,0.96939
215,475,1.7394
215,476,2.6387
215,477,0.070582
215,490,0.23689
215,492,1.2285
215,493,1.9945
215,496,1.0281
215,497,1.1919
215,500,0.75716
216,217,0.14476
216,220,1.0835
216,226,0.93046
216,230,0.94968
216,234,0.68007
216,241,0.30859
216,242,0.45867
216,246,0.25023
216,259,1.8871
216,271,0.46766
216,273,0.4883
216,274,0.070329
216,279,0.17493
216,281,0.60607
216,285,0.24297
216,287,0.0040879
216,288,0.34765
216,296,0.5859
216,298,0.12685
216,306,0.64946
216,308,0.32453
216,313,0.26903
216,320,0.34936
216,331,0.50534
216,338,1.1224
216,343,0.73075
216,346,0.33964
216,348,0.32281
216,362,0.77321
216,372,1.0055
216,390,1.0167
216,393,0.45506
216,394,1.953
216,400,1.026
216,404,0.46388
216,407,0.53234
216,413,0.38059
216,415,1.0784
216,421,2.0847
216,425,0.63661
216,437,0.8465
216,442,0.13714
216,443,0.9697
216,453,1.7507
216,457,0.11477
216,472,0.15712
216,475,0.92716
216,476,1.8264
216,477,0.88285
216,490,0.57538
216,492,0.41619
216,493,1.1823
216,496,0.21588
216,497,0.37968
216,500,0.055114
217,220,0.93874
217,226,1.0752
217,230,0.80492
217,234,0.82483
217,241,0.45335
217,242,0.31391
217,246,0.10547
217,259,1.7423
217,271,0.3229
217,273,0.34354
217,274,0.21509
217,279,0.030175
217,281,0.75083
217,285,0.098214
217,287,0.14885
217,288,0.20289
217,296,0.73066
217,298,0.017906
217,306,0.79422
217,308,0.17977
217,313,0.41379
217,320,0.49412
217,331,0.6501
217,338,0.97759
217,343,0.58599
217,346,0.4844
217,348,0.46757
217,362,0.91797
217,372,1.1503
217,390,1.1614
217,393,0.59982
217,394,1.8082
217,400,0.88121
217,404,0.60864
217,407,0.38758
217,413,0.52535
217,415,0.93367
217,421,1.9399
217,425,0.49185
217,437,0.99126
217,442,0.2819
217,443,1.1145
217,453,1.606
217,457,0.029995
217,472,0.012362
217,475,0.7824
217,476,1.6816
217,477,1.0276
217,490,0.72014
217,492,0.27143
217,493,1.0375
217,496,0.071118
217,497,0.23492
217,500,0.19987
220,226,2.014
220,230,0.13382
220,234,1.7636
220,241,1.3921
220,242,0.62484
220,246,0.83328
220,259,0.80359
220,271,0.61584
220,273,0.59521
220,274,1.1538
220,279,0.90857
220,281,1.6896
220,285,0.84053
220,287,1.0876
220,288,0.73585
220,296,1.6694
220,298,0.95665
220,306,1.733
220,308,0.75898
220,313,1.3525
220,320,1.4329
220,331,1.5888
220,338,0.038848
220,343,0.35275
220,346,1.4231
220,348,1.4063
220,362,1.8567
220,372,2.089
220,390,2.1002
220,393,1.5386
220,394,0.86947
220,400,0.057529
220,404,1.5474
220,407,0.55116
220,413,1.4641
220,415,0.0050742
220,421,1.0012
220,425,0.44689
220,437,1.93
220,442,1.2206
220,443,2.0532
220,453,0.66724
220,457,0.96874
220,472,0.92638
220,475,0.15634
220,476,0.7429
220,477,1.9664
220,490,1.6589
220,492,0.66731
220,493,0.098749
220,496,0.86763
220,497,0.70383
220,500,1.1386
226,230,1.8801
226,234,0.25039
226,241,0.62187
226,242,1.3891
226,246,1.1807
226,259,2.8176
226,271,1.3981
226,273,1.4188
226,274,0.86014
226,279,1.1054
226,281,0.32439
226,285,1.1734
226,287,0.92638
226,288,1.2781
226,296,0.34457
226,298,1.0573
226,306,0.28101
226,308,1.255
226,313,0.66144
226,320,0.58111
226,331,0.42513
226,338,2.0528
226,343,1.6612
226,346,0.59082
226,348,0.60766
226,362,0.15725
226,372,0.075068
226,390,0.086199
226,393,0.47541
226,394,2.8834
226,400,1.9564
226,404,0.46659
226,407,1.4628
226,413,0.54987
226,415,2.0089
226,421,3.0151
226,425,1.5671
226,437,0.083967
226,442,0.79332
226,443,0.039231
226,453,2.6812
226,457,1.0452
226,472,1.0876
226,475,1.8576
226,476,2.7569
226,477,0.047613
226,490,0.35509
226,492,1.3467
226,493,2.1127
226,496,1.1463
226,497,1.3101
226,500,0.87535
230,234,1.6298
230,241,1.2583
230,242,0.49102
230,246,0.69946
230,259,0.93741
230,271,0.48202
230,273,0.46139
230,274,1.02
230,279,0.77475
230,281,1.5558
230,285,0.70671
230,287,0.95377
230,288,0.60203
230,296,1.5356
230,298,0.82283
230,306,1.5991
230,308,0.62516
230,313,1.2187
230,320,1.299
230,331,1.455
230,338,0.17267
230,343,0.21893
230,346,1.2893
230,348,1.2725
230,362,1.7229
230,372,1.9552
230,390,1.9663
230,393,1.4047
230,394,1.0033
230,400,0.076291
230,404,1.4136
230,407,0.41734
230,413,1.3303
230,415,0.12875
230,421,1.135
230,425,0.31307
230,437,1.7962
230,442,1.0868
230,443,1.9194
230,453,0.80106
230,457,0.83492
230,472,0.79256
230,475,0.022521
230,476,0.87672
230,477,1.8325
230,490,1.5251
230,492,0.53349
230,493,0.23257
230,496,0.73381
230,497,0.57001
230,500,1.0048
234,241,0.37148
234,242,1.1387
234,246,0.9303
234,259,2.5672
234,271,1.1477
234,273,1.1684
234,274,0.60974
234,279,0.85501
234,281,0.074
234,285,0.92305
234,287,0.67598
234,288,1.0277
234,296,0.094174
234,298,0.80693
234,306,0.030615
234,308,1.0046
234,313,0.41104
234,320,0.33071
234,331,0.17473
234,338,1.8024
234,343,1.4108
234,346,0.34043
234,348,0.35727
234,362,0.093142
234,372,0.32546
234,390,0.33659
234,393,0.22502
234,394,2.633
234,400,1.706
234,404,0.21619
234,407,1.2124
234,413,0.29948
234,415,1.7585
234,421,2.7647
234,425,1.3167
234,437,0.16643
234,442,0.54293
234,443,0.28962
234,453,2.4308
234,457,0.79484
234,472,0.83719
234,475,1.6072
234,476,2.5065
234,477,0.20278
234,490,0.10469
234,492,1.0963
234,493,1.8623
234,496,0.89595
234,497,1.0597
234,500,0.62496
241,242,0.76726
241,246,0.55882
241,259,2.1957
241,271,0.77625
241,273,0.79689
241,274,0.23826
241,279,0.48353
241,281,0.29748
241,285,0.55157
241,287,0.3045
241,288,0.65624
241,296,0.27731
241,298,0.43545
241,306,0.34087
241,308,0.63312
241,313,0.039564
241,320,0.040767
241,331,0.19675
241,338,1.4309
241,343,1.0393
241,346,0.031051
241,348,0.014215
241,362,0.46462
241,372,0.69694
241,390,0.70807
241,393,0.14646
241,394,2.2616
241,400,1.3346
241,404,0.15529
241,407,0.84093
241,413,0.072002
241,415,1.387
241,421,2.3933
241,425,0.94521
241,437,0.53791
241,442,0.17145
241,443,0.6611
241,453,2.0593
241,457,0.42336
241,472,0.46571
241,475,1.2358
241,476,2.135
241,477,0.57426
241,490,0.26679
241,492,0.72478
241,493,1.4908
241,496,0.52447
241,497,0.68827
241,500,0.25348
242,246,0.20844
242,259,1.4284
242,271,0.0089914
242,273,0.02963
242,274,0.529
242,279,0.28373
242,281,1.0647
242,285,0.21569
242,287,0.46276
242,288,0.11102
242,296,1.0446
242,298,0.33181
242,306,1.1081
242,308,0.13414
242,313,0.7277
242,320,0.80803
242,331,0.96401
242,338,0.66368
242,343,0.27209
242,346,0.79831
242,348,0.78147
242,362,1.2319
242,372,1.4642
242,390,1.4753
242,393,0.91372
242,394,1.4943
242,400,0.56731
242,404,0.92255
242,407,0.073672
242,413,0.83926
242,415,0.61976
242,421,1.626
242,425,0.17795
242,437,1.3052
242,442,0.59581
242,443,1.4284
242,453,1.2921
242,457,0.3439
242,472,0.30155
242,475,0.46849
242,476,1.3677
242,477,1.3415
242,490,1.034
242,492,0.042476
242,493,0.72358
242,496,0.24279
242,497,0.078991
242,500,0.51378
246,259,1.6369
246,271,0.21743
246,273,0.23807
246,274,0.32055
246,279,0.075291
246,281,0.8563
246,285,0.0072521
246,287,0.25431
246,288,0.097426
246,296,0.83612
246,298,0.12337
246,306,0.89968
246,308,0.074301
246,313,0.51925
246,320,0.59959
246,331,0.75556
246,338,0.87213
246,343,0.48053
246,346,0.58987
246,348,0.57303
246,362,1.0234
246,372,1.2558
246,390,1.2669
246,393,0.70528
246,394,1.7027
246,400,0.77575
246,404,0.71411
246,407,0.28211
246,413,0.63082
246,415,0.8282
246,421,1.8345
246,425,0.38639
246,437,1.0967
246,442,0.38737
246,443,1.2199
246,453,1.5005
246,457,0.13546
246,472,0.093104
246,475,0.67694
246,476,1.5762
246,477,1.1331
246,490,0.82561
246,492,0.16597
246,493,0.93203
246,496,0.034348
246,497,0.12945
246,500,0.30534
259,271,1.4194
259,273,1.3988
259,274,1.9574
259,279,1.7122
259,281,2.4932
259,285,1.6441
259,287,1.8912
259,288,1.5394
259,296,2.473
259,298,1.7602
259,306,2.5365
259,308,1.5626
259,313,2.1561
259,320,2.2364
259,331,2.3924
259,338,0.76474
259,343,1.1563
259,346,2.2267
259,348,2.2099
259,362,2.6603
259,372,2.8926
259,390,2.9038
259,393,2.3421
259,394,0.065882
259,400,0.86112
259,404,2.351
259,407,1.3548
259,413,2.2677
259,415,0.80866
259,421,0.19759
259,425,1.2505
259,437,2.7336
259,442,2.0242
259,443,2.8568
259,453,0.13634
259,457,1.7723
259,472,1.73
259,475,0.95993
259,476,0.060689
259,477,2.7699
259,490,2.4625
259,492,1.4709
259,493,0.70484
259,496,1.6712
259,497,1.5074
259,500,1.9422
271,273,0.020638
271,274,0.53799
271,279,0.29272
271,281,1.0737
271,285,0.22469
271,287,0.47175
271,288,0.12001
271,296,1.0536
271,298,0.3408
271,306,1.1171
271,308,0.14313
271,313,0.73669
271,320,0.81702
271,331,0.973
271,338,0.65469
271,343,0.26309
271,346,0.8073
271,348,0.79047
271,362,1.2409
271,372,1.4732
271,390,1.4843
271,393,0.92272
271,394,1.4853
271,400,0.55832
271,404,0.93154
271,407,0.064681
271,413,0.84825
271,415,0.61077
271,421,1.617
271,425,0.16895
271,437,1.3142
271,442,0.6048
271,443,1.4374
271,453,1.2831
271,457,0.35289
271,472,0.31054
271,475,0.4595
271,476,1.3587
271,477,1.3505
271,490,1.043
271,492,0.051467
271,493,0.71459
271,496,0.25178
271,497,0.087982
271,500,0.52277
273,274,0.55863
273,279,0.31336
273,281,1.0944
273,285,0.24532
273,287,0.49239
273,288,0.14065
273,296,1.0742
273,298,0.36144
273,306,1.1378
273,308,0.16377
273,313,0.75733
273,320,0.83766
273,331,0.99364
273,338,0.63405
273,343,0.24246
273,346,0.82794
273,348,0.8111
273,362,1.2615
273,372,1.4938
273,390,1.505
273,393,0.94335
273,394,1.4647
273,400,0.53768
273,404,0.95218
273,407,0.044043
273,413,0.86889
273,415,0.59013
273,421,1.5964
273,425,0.14832
273,437,1.3348
273,442,0.62544
273,443,1.458
273,453,1.2624
273,457,0.37353
273,472,0.33118
273,475,0.43886
273,476,1.3381
273,477,1.3711
273,490,1.0637
273,492,0.072106
273,493,0.69395
273,496,0.27242
273,497,0.10862
273,500,0.54341
274,279,0.24526
274,281,0.53574
274,285,0.3133
274,287,0.066241
274,288,0.41798
274,296,0.51557
274,298,0.19718
274,306,0.57913
274,308,0.39486
274,313,0.1987
274,320,0.27903
274,331,0.43501
274,338,1.1927
274,343,0.80108
274,346,0.26931
274,348,0.25248
274,362,0.70289
274,372,0.9352
274,390,0.94634
274,393,0.38473
274,394,2.0233
274,400,1.0963
274,404,0.39355
274,407,0.60267
274,413,0.31027
274,415,1.1488
274,421,2.155
274,425,0.70694
274,437,0.77617
274,442,0.066812
274,443,0.89937
274,453,1.8211
274,457,0.18509
274,472,0.22745
274,475,0.99749
274,476,1.8967
274,477,0.81252
274,490,0.50505
274,492,0.48652
274,493,1.2526
274,496,0.28621
274,497,0.45001
274,500,0.015215
279,281,0.78101
279,285,0.068039
279,287,0.17902
279,288,0.17272
279,296,0.76083
279,298,0.04808
279,306,0.82439
279,308,0.14959
279,313,0.44396
279,320,0.52429
279,331,0.68027
279,338,0.94742
279,343,0.55582
279,346,0.51458
279,348,0.49774
279,362,0.94815
279,372,1.1805
279,390,1.1916
279,393,0.62999
279,394,1.778
279,400,0.85104
279,404,0.63881
279,407,0.35741
279,413,0.55553
279,415,0.90349
279,421,1.9097
279,425,0.46168
279,437,1.0214
279,442,0.31208
279,443,1.1446
279,453,1.5758
279,457,0.060169
279,472,0.017812
279,475,0.75223
279,476,1.6515
279,477,1.0578
279,490,0.75031
279,492,0.24126
279,493,1.0073
279,496,0.040943
279,497,0.20474
279,500,0.23005
281,285,0.84905
281,287,0.60198
281,288,0.95372
281,296,0.020174
281,298,0.73293
281,306,0.043385
281,308,0.9306
281,313,0.33704
281,320,0.25671
281,331,0.10073
281,338,1.7284
281,343,1.3368
281,346,0.26643
281,348,0.28327
281,362,0.16714
281,372,0.39946
281,390,0.41059
281,393,0.15102
281,394,2.559
281,400,1.632
281,404,0.14219
281,407,1.1384
281,413,0.22548
281,415,1.6845
281,421,2.6907
281,425,1.2427
281,437,0.24043
281,442,0.46893
281,443,0.36362
281,453,2.3568
281,457,0.72084
281,472,0.76319
281,475,1.5332
281,476,2.4325
281,477,0.27678
281,490,0.030693
281,492,1.0223
281,493,1.7883
281,496,0.82195
281,497,0.98575
281,500,0.55096
285,287,0.24706
285,288,0.10468
285,296,0.82887
285,298,0.11612
285,306,0.89243
285,308,0.081553
285,313,0.512
285,320,0.59233
285,331,0.74831
285,338,0.87938
285,343,0.48778
285,346,0.58262
285,348,0.56578
285,362,1.0162
285,372,1.2485
285,390,1.2596
285,393,0.69803
285,394,1.71
285,400,0.783
285,404,0.70685
285,407,0.28937
285,413,0.62357
285,415,0.83546
285,421,1.8417
285,425,0.39364
285,437,1.0895
285,442,0.38012
285,443,1.2127
285,453,1.5078
285,457,0.12821
285,472,0.085851
285,475,0.68419
285,476,1.5834
285,477,1.1258
285,490,0.81835
285,492,0.17322
285,493,0.93928
285,496,0.027096
285,497,0.1367
285,500,0.29809
287,288,0.35174
287,296,0.58181
287,298,0.13094
287,306,0.64537
287,308,0.32861
287,313,0.26494
287,320,0.34527
287,331,0.50125
287,338,1.1264
287,343,0.73484
287,346,0.33556
287,348,0.31872
287,362,0.76913
287,372,1.0014
287,390,1.0126
287,393,0.45097
287,394,1.9571
287,400,1.0301
287,404,0.45979
287,407,0.53643
287,413,0.37651
287,415,1.0825
287,421,2.0888
287,425,0.6407
287,437,0.84241
287,442,0.13305
287,443,0.96561
287,453,1.7548
287,457,0.11885
287,472,0.16121
287,475,0.93125
287,476,1.8305
287,477,0.87876
287,490,0.57129
287,492,0.42028
287,493,1.1863
287,496,0.21997
287,497,0.38377
287,500,0.051026
288,296,0.93355
288,298,0.2208
288,306,0.99711
288,308,0.023125
288,313,0.61668
288,320,0.69701
288,331,0.85299
288,338,0.7747
288,343,0.3831
288,346,0.6873
288,348,0.67046
288,362,1.1209
288,372,1.3532
288,390,1.3643
288,393,0.80271
288,394,1.6053
288,400,0.67832
288,404,0.81153
288,407,0.18469
288,413,0.72825
288,415,0.73078
288,421,1.737
288,425,0.28896
288,437,1.1941
288,442,0.48479
288,443,1.3173
288,453,1.4031
288,457,0.23289
288,472,0.19053
288,475,0.57951
288,476,1.4788
288,477,1.2305
288,490,0.92303
288,492,0.06854
288,493,0.8346
288,496,0.13177
288,497,0.032026
288,500,0.40277
296,298,0.71275
296,306,0.063559
296,308,0.91043
296,313,0.31687
296,320,0.23654
296,331,0.08056
296,338,1.7082
296,343,1.3167
296,346,0.24625
296,348,0.26309
296,362,0.18732
296,372,0.41963
296,390,0.43077
296,393,0.13084
296,394,2.5389
296,400,1.6119
296,404,0.12202
296,407,1.1182
296,413,0.2053
296,415,1.6643
296,421,2.6706
296,425,1.2225
296,437,0.2606
296,442,0.44876
296,443,0.3838
296,453,2.3366
296,457,0.70066
296,472,0.74302
296,475,1.5131
296,476,2.4123
296,477,0.29695
296,490,0.010519
296,492,1.0021
296,493,1.7682
296,496,0.80178
296,497,0.96558
296,500,0.53078
298,306,0.77631
298,308,0.19767
298,313,0.39588
298,320,0.47621
298,331,0.63219
298,338,0.9955
298,343,0.6039
298,346,0.4665
298,348,0.44966
298,362,0.90007
298,372,1.1324
298,390,1.1435
298,393,0.58191
298,394,1.8261
298,400,0.89912
298,404,0.59073
298,407,0.40549
298,413,0.50745
298,415,0.95157
298,421,1.9578
298,425,0.50976
298,437,0.97335
298,442,0.264
298,443,1.0966
298,453,1.6239
298,457,0.012089
298,472,0.030268
298,475,0.80031
298,476,1.6995
298,477,1.0097
298,490,0.70223
298,492,0.28934
298,493,1.0554
298,496,0.089023
298,497,0.25282
298,500,0.18197
306,308,0.97398
306,313,0.38043
306,320,0.3001
306,331,0.14412
306,338,1.7718
306,343,1.3802
306,346,0.30981
306,348,0.32665
306,362,0.12376
306,372,0.35608
306,390,0.36721
306,393,0.1944
306,394,2.6024
306,400,1.6754
306,404,0.18558
306,407,1.1818
306,413,0.26886
306,415,1.7279
306,421,2.7341
306,425,1.2861
306,437,0.19704
306,442,0.51232
306,443,0.32024
306,453,2.4002
306,457,0.76422
306,472,0.80658
306,475,1.5766
306,476,2.4759
306,477,0.23339
306,490,0.074078
306,492,1.0656
306,493,1.8317
306,496,0.86534
306,497,1.0291
306,500,0.59434
308,313,0.59356
308,320,0.67389
308,331,0.82986
308,338,0.79782
308,343,0.40623
308,346,0.66417
308,348,0.64733
308,362,1.0977
308,372,1.3301
308,390,1.3412
308,393,0.77958
308,394,1.6284
308,400,0.70145
308,404,0.78841
308,407,0.20781
308,413,0.70512
308,415,0.7539
308,421,1.7601
308,425,0.31209
308,437,1.171
308,442,0.46167
308,443,1.2942
308,453,1.4262
308,457,0.20976
308,472,0.1674
308,475,0.60263
308,476,1.5019
308,477,1.2074
308,490,0.89991
308,492,0.091665
308,493,0.85773
308,496,0.10865
308,497,0.05515
308,500,0.37964
313,320,0.080331
313,331,0.23631
313,338,1.3914
313,343,0.99978
313,346,0.070615
313,348,0.053778
313,362,0.50419
313,372,0.7365
313,390,0.74764
313,393,0.18603
313,394,2.222
313,400,1.295
313,404,0.19485
313,407,0.80137
313,413,0.11157
313,415,1.3475
313,421,2.3537
313,425,0.90564
313,437,0.57747
313,442,0.13189
313,443,0.70067
313,453,2.0198
313,457,0.38379
313,472,0.42615
313,475,1.1962
313,476,2.0954
313,477,0.61382
313,490,0.30635
313,492,0.68522
313,493,1.4513
313,496,0.48491
313,497,0.64871
313,500,0.21391
320,331,0.15598
320,338,1.4717
320,343,1.0801
320,346,0.0097156
320,348,0.026552
320,362,0.42386
320,372,0.65617
320,390,0.6673
320,393,0.1057
320,394,2.3023
320,400,1.3753
320,404,0.11452
320,407,0.8817
320,413,0.031235
320,415,1.4278
320,421,2.434
320,425,0.98597
320,437,0.49714
320,442,0.21222
320,443,0.62034
320,453,2.1001
320,457,0.46412
320,472,0.50648
320,475,1.2765
320,476,2.1758
320,477,0.53349
320,490,0.22602
320,492,0.76555
320,493,1.5316
320,496,0.56524
320,497,0.72904
320,500,0.29425
331,338,1.6277
331,343,1.2361
331,346,0.16569
331,348,0.18253
331,362,0.26788
331,372,0.50019
331,390,0.51133
331,393,0.050282
331,394,2.4583
331,400,1.5313
331,404,0.041458
331,407,1.0377
331,413,0.12474
331,415,1.5838
331,421,2.59
331,425,1.142
331,437,0.34116
331,442,0.3682
331,443,0.46436
331,453,2.2561
331,457,0.6201
331,472,0.66246
331,475,1.4325
331,476,2.3317
331,477,0.37751
331,490,0.070042
331,492,0.92153
331,493,1.6876
331,496,0.72122
331,497,0.88502
331,500,0.45022
338,343,0.3916
338,346,1.462
338,348,1.4452
338,362,1.8956
338,372,2.1279
338,390,2.139
338,393,1.5774
338,394,0.83062
338,400,0.096377
338,404,1.5862
338,407,0.59001
338,413,1.5029
338,415,0.043922
338,421,0.96233
338,425,0.48574
338,437,1.9688
338,442,1.2595
338,443,2.092
338,453,0.6284
338,457,1.0076
338,472,0.96523
338,475,0.19519
338,476,0.70405
338,477,2.0052
338,490,1.6977
338,492,0.70616
338,493,0.059901
338,496,0.90647
338,497,0.74267
338,500,1.1775
343,346,1.0704
343,348,1.0536
343,362,1.504
343,372,1.7363
343,390,1.7474
343,393,1.1858
343,394,1.2222
343,400,0.29522
343,404,1.1946
343,407,0.19841
343,413,1.1113
343,415,0.34768
343,421,1.3539
343,425,0.09414
343,437,1.5773
343,442,0.8679
343,443,1.7005
343,453,1.02
343,457,0.61599
343,472,0.57363
343,475,0.19641
343,476,1.0956
343,477,1.6136
343,490,1.3061
343,492,0.31456
343,493,0.4515
343,496,0.51488
343,497,0.35108
343,500,0.78587
346,348,0.016837
346,362,0.43357
346,372,0.66589
346,390,0.67702
346,393,0.11541
346,394,2.2926
346,400,1.3656
346,404,0.12424
346,407,0.87198
346,413,0.04095
346,415,1.4181
346,421,2.4243
346,425,0.97626
346,437,0.50685
346,442,0.2025
346,443,0.63005
346,453,2.0904
346,457,0.45441
346,472,0.49677
346,475,1.2668
346,476,2.166
346,477,0.54321
346,490,0.23574
346,492,0.75584
346,493,1.5219
346,496,0.55552
346,497,0.71932
346,500,0.28453
348,362,0.45041
348,372,0.68273
348,390,0.69386
348,393,0.13225
348,394,2.2758
348,400,1.3488
348,404,0.14107
348,407,0.85515
348,413,0.057787
348,415,1.4012
348,421,2.4075
348,425,0.95942
348,437,0.52369
348,442,0.18567
348,443,0.64689
348,453,2.0736
348,457,0.43757
348,472,0.47993
348,475,1.25
348,476,2.1492
348,477,0.56004
348,490,0.25257
348,492,0.739
348,493,1.5051
348,496,0.53868
348,497,0.70248
348,500,0.26769
362,372,0.23232
362,390,0.24345
362,393,0.31816
362,394,2.7262
362,400,1.7992
362,404,0.30934
362,407,1.3056
362,413,0.39262
362,415,1.8516
362,421,2.8579
362,425,1.4098
362,437,0.073283
362,442,0.63607
362,443,0.19648
362,453,2.524
362,457,0.88798
362,472,0.93034
362,475,1.7004
362,476,2.5996
362,477,0.10964
362,490,0.19784
362,492,1.1894
362,493,1.9555
362,496,0.98909
362,497,1.1529
362,500,0.7181
372,390,0.011131
372,393,0.55048
372,394,2.9585
372,400,2.0315
372,404,0.54165
372,407,1.5379
372,413,0.62494
372,415,2.084
372,421,3.0902
372,425,1.6421
372,437,0.15903
372,442,0.86839
372,443,0.035836
372,453,2.7563
372,457,1.1203
372,472,1.1627
372,475,1.9327
372,476,2.8319
372,477,0.12268
372,490,0.43015
372,492,1.4217
372,493,2.1878
372,496,1.2214
372,497,1.3852
372,500,0.95042
390,393,0.56161
390,394,2.9696
390,400,2.0426
390,404,0.55278
390,407,1.549
390,413,0.63607
390,415,2.0951
390,421,3.1013
390,425,1.6533
390,437,0.17017
390,442,0.87952
390,443,0.046968
390,453,2.7674
390,457,1.1314
390,472,1.1738
390,475,1.9438
390,476,2.8431
390,477,0.13381
390,490,0.44128
390,492,1.4329
390,493,2.1989
390,496,1.2325
390,497,1.3963
390,500,0.96155
393,394,2.408
393,400,1.481
393,404,0.0088236
393,407,0.9874
393,413,0.074462
393,415,1.5335
393,421,2.5397
393,425,1.0917
393,437,0.39144
393,442,0.31791
393,443,0.51464
393,453,2.2058
393,457,0.56982
393,472,0.61218
393,475,1.3822
393,476,2.2815
393,477,0.4278
393,490,0.12032
393,492,0.87125
393,493,1.6373
393,496,0.67093
393,497,0.83473
393,500,0.39994
394,400,0.927
394,404,2.4169
394,407,1.4206
394,413,2.3336
394,415,0.87454
394,421,0.1317
394,425,1.3164
394,437,2.7995
394,442,2.0901
394,443,2.9227
394,453,0.20223
394,457,1.8382
394,472,1.7959
394,475,1.0258
394,476,0.12657
394,477,2.8358
394,490,2.5284
394,492,1.5368
394,493,0.77072
394,496,1.7371
394,497,1.5733
394,500,2.0081
400,404,1.4899
400,407,0.49363
400,413,1.4066
400,415,0.052455
400,421,1.0587
400,425,0.38936
400,437,1.8725
400,442,1.1631
400,443,1.9957
400,453,0.72477
400,457,0.91121
400,472,0.86885
400,475,0.098813
400,476,0.80043
400,477,1.9088
400,490,1.6014
400,492,0.60978
400,493,0.15628
400,496,0.8101
400,497,0.6463
400,500,1.0811
404,407,0.99622
404,413,0.083285
404,415,1.5423
404,421,2.5486
404,425,1.1005
404,437,0.38262
404,442,0.32674
404,443,0.50582
404,453,2.2146
404,457,0.57864
404,472,0.621
404,475,1.391
404,476,2.2903
404,477,0.41897
404,490,0.1115
404,492,0.88007
404,493,1.6461
404,496,0.67976
404,497,0.84356
404,500,0.40877
407,413,0.91293
407,415,0.54609
407,421,1.5523
407,425,0.10427
407,437,1.3788
407,442,0.66948
407,443,1.502
407,453,1.2184
407,457,0.41757
407,472,0.37522
407,475,0.39482
407,476,1.2941
407,477,1.4152
407,490,1.1077
407,492,0.11615
407,493,0.64991
407,496,0.31646
407,497,0.15266
407,500,0.58745
413,415,1.459
413,421,2.4653
413,425,1.0172
413,437,0.4659
413,442,0.24345
413,443,0.5891
413,453,2.1313
413,457,0.49536
413,472,0.53772
413,475,1.3078
413,476,2.207
413,477,0.50226
413,490,0.19479
413,492,0.79679
413,493,1.5628
413,496,0.59647
413,497,0.76027
413,500,0.32548
415,421,1.0062
415,425,0.44182
415,437,1.9249
415,442,1.2156
415,443,2.0481
415,453,0.67232
415,457,0.96366
415,472,0.92131
415,475,0.15127
415,476,0.74797
415,477,1.9613
415,490,1.6538
415,492,0.66224
415,493,0.10382
415,496,0.86255
415,497,0.69875
415,500,1.1335
421,425,1.4481
421,437,2.9312
421,442,2.2218
421,443,3.0544
421,453,0.33393
421,457,1.9699
421,472,1.9276
421,475,1.1575
421,476,0.25827
421,477,2.9675
421,490,2.6601
421,492,1.6685
421,493,0.90242
421,496,1.8688
421,497,1.705
421,500,2.1398
425,437,1.4831
425,442,0.77376
425,443,1.6063
425,453,1.1141
425,457,0.52185
425,472,0.47949
425,475,0.29055
425,476,1.1898
425,477,1.5195
425,490,1.212
425,492,0.22042
425,493,0.54564
425,496,0.42074
425,497,0.25694
425,500,0.69173
437,442,0.70936
437,443,0.1232
437,453,2.5972
437,457,0.96126
437,472,1.0036
437,475,1.7737
437,476,2.6729
437,477,0.036354
437,490,0.27112
437,492,1.2627
437,493,2.0288
437,496,1.0624
437,497,1.2262
437,500,0.79138
442,443,0.83255
442,453,1.8879
442,457,0.25191
442,472,0.29426
442,475,1.0643
442,476,1.9635
442,477,0.74571
442,490,0.43824
442,492,0.55333
442,493,1.3194
442,496,0.35302
442,497,0.51682
442,500,0.082027
443,453,2.7204
443,457,1.0845
443,472,1.1268
443,475,1.8969
443,476,2.7961
443,477,0.086844
443,490,0.39432
443,492,1.3859
443,493,2.1519
443,496,1.1856
443,497,1.3494
443,500,0.91458
453,457,1.636
453,472,1.5936
453,475,0.82359
453,476,0.075655
453,477,2.6336
453,490,2.3261
453,492,1.3346
453,493,0.56849
453,496,1.5349
453,497,1.3711
453,500,1.8059
457,472,0.042357
457,475,0.8124
457,476,1.7116
457,477,0.99762
457,490,0.69014
457,492,0.30143
457,493,1.0675
457,496,0.10111
457,497,0.26491
457,500,0.16988
472,475,0.77004
472,476,1.6693
472,477,1.04
472,490,0.7325
472,492,0.25907
472,493,1.0251
472,496,0.058756
472,497,0.22255
472,500,0.21224
475,476,0.89924
475,477,1.81
475,490,1.5025
475,492,0.51097
475,493,0.25509
475,496,0.71128
475,497,0.54748
475,500,0.98228
476,477,2.7093
476,490,2.4018
476,492,1.4102
476,493,0.64415
476,496,1.6105
476,497,1.4467
476,500,1.8815
477,490,0.30747
477,492,1.299
477,493,2.0651
477,496,1.0987
477,497,1.2625
477,500,0.82774
490,492,0.99157
490,493,1.7576
490,496,0.79126
490,497,0.95506
490,500,0.52027
492,493,0.76606
492,496,0.20031
492,497,0.036515
492,500,0.47131
493,496,0.96637
493,497,0.80258
493,500,1.2374
496,497,0.1638
496,500,0.27099
497,500,0.43479
